Key,Index,Name,Form,Type1,Type2,Ability1,Ability2,HAbility,HP,Atk,Def,SpA,SpD,Spe,Tot,Hash
1,1,フシギダネ,,くさ,どく,しんりょく,,ようりょくそ,45,49,49,65,65,45,318,
2,2,フシギソウ,,くさ,どく,しんりょく,,ようりょくそ,60,62,63,80,80,60,405,
3,3,フシギバナ,,くさ,どく,しんりょく,,ようりょくそ,80,82,83,100,100,80,525,
4,4,ヒトカゲ,,ほのお,,もうか,,サンパワー,39,52,43,60,50,65,309,
5,5,リザード,,ほのお,,もうか,,サンパワー,58,64,58,80,65,80,405,
6,6,リザードン,,ほのお,ひこう,もうか,,サンパワー,78,84,78,109,85,100,534,0000000000000000010110000100100101001000011101000111100001110000
7,7,ゼニガメ,,みず,,げきりゅう,,あめうけざら,44,48,65,50,64,43,314,
8,8,カメール,,みず,,げきりゅう,,あめうけざら,59,63,80,65,80,58,405,
9,9,カメックス,,みず,,げきりゅう,,あめうけざら,79,83,100,85,105,78,530,0111101011010010110100111001110011001101010011001111011011101110
10,10,キャタピー,,むし,,りんぷん,,にげあし,45,30,35,20,20,45,195,
11,11,トランセル,,むし,,だっぴ,,,50,20,55,25,25,30,205,
12,12,バタフリー,,むし,ひこう,ふくがん,,いろめがね,60,45,50,90,80,70,395,
13,13,ビードル,,むし,どく,りんぷん,,にげあし,40,35,30,20,20,50,195,
14,14,コクーン,,むし,どく,だっぴ,,,45,25,50,25,25,35,205,
15,15,スピアー,,むし,どく,むしのしらせ,,スナイパー,65,90,40,45,80,75,395,
16,16,ポッポ,,ノーマル,ひこう,するどいめ, ちどりあし,はとむね,40,45,40,35,35,56,251,
17,17,ピジョン,,ノーマル,ひこう,するどいめ, ちどりあし,はとむね,63,60,55,50,50,71,349,
18,18,ピジョット,,ノーマル,ひこう,するどいめ, ちどりあし,はとむね,83,80,75,70,70,101,479,
19,19,コラッタ,,ノーマル,,にげあし, こんじょう,はりきり,30,56,35,25,35,72,253,
20,20,ラッタ,,ノーマル,,にげあし, こんじょう,はりきり,55,81,60,50,70,97,413,
21,21,オニスズメ,,ノーマル,ひこう,するどいめ,,スナイパー,40,60,30,31,31,70,262,
22,22,オニドリル,,ノーマル,ひこう,するどいめ,,スナイパー,65,90,65,61,61,100,442,
23,23,アーボ,,どく,,いかく, だっぴ,きんちょうかん,35,60,44,40,54,55,288,
24,24,アーボック,,どく,,いかく, だっぴ,きんちょうかん,60,95,69,65,79,80,448,
25,25,ピカチュウ,,でんき,,せいでんき,,ひらいしん,35,55,40,50,50,90,320,
26,26,ライチュウ,,でんき,,せいでんき,,ひらいしん,60,90,55,90,80,110,485,
26a,26,ライチュウ,アローラのすがた,でんき,エスパー,サーフテール,,,60,85,50,95,85,110,485,
27,27,サンド,,じめん,,すながくれ,,すなかき,50,75,85,20,30,40,300,
27a,27,サンド,アローラのすがた,こおり,はがね,ゆきがくれ,,ゆきかき,50,75,90,10,35,40,300,
28,28,サンドパン,,じめん,,すながくれ,,すなかき,75,100,110,45,55,65,450,
28a,28,サンドパン,アローラのすがた,こおり,はがね,ゆきがくれ,,ゆきかき,75,100,120,25,65,65,450,
29,29,ニドラン♀,,どく,,どくのトゲ, とうそうしん,はりきり,55,47,52,40,40,41,275,
30,30,ニドリーナ,,どく,,どくのトゲ, とうそうしん,はりきり,70,62,67,55,55,56,365,
31,31,ニドクイン,,どく,じめん,どくのトゲ, とうそうしん,ちからずく,90,92,87,75,85,76,505,
32,32,ニドラン♂,,どく,,どくのトゲ, とうそうしん,はりきり,46,57,40,40,40,50,273,
33,33,ニドリーノ,,どく,,どくのトゲ, とうそうしん,はりきり,61,72,57,55,55,65,365,
34,34,ニドキング,,どく,じめん,どくのトゲ, とうそうしん,ちからずく,81,102,77,85,75,85,505,
35,35,ピッピ,,フェアリー,,メロメロボディ, マジックガード,フレンドガード,70,45,48,60,65,35,323,
36,36,ピクシー,,フェアリー,,メロメロボディ, マジックガード,てんねん,95,70,73,95,90,60,483,1010011000000100100011100010111010011110100111001110100001010010
37,37,ロコン,,ほのお,,もらいび,,ひでり,38,41,40,50,65,65,299,
37a,37,ロコン,アローラのすがた,こおり,,ゆきがくれ,,ゆきふらし,38,41,40,50,65,65,299,
38,38,キュウコン,,ほのお,,もらいび,,ひでり,73,76,75,81,100,100,505,1110100011000110110000111100011101011001110001101101001010010010
38a,38,キュウコン,アローラのすがた,こおり,フェアリー,ゆきがくれ,,ゆきふらし,73,67,75,81,100,109,505,1100000010100000101000101011100110011001110010110110100001001000
39,39,プリン,,ノーマル,フェアリー,メロメロボディ, かちき,フレンドガード,115,45,20,45,25,20,270,
40,40,プクリン,,ノーマル,フェアリー,メロメロボディ, かちき,おみとおし,140,70,45,85,50,45,435,
41,41,ズバット,,どく,ひこう,せいしんりょく,,すりぬけ,40,45,35,30,40,55,245,
42,42,ゴルバット,,どく,ひこう,せいしんりょく,,すりぬけ,75,80,70,65,75,90,455,
43,43,ナゾノクサ,,くさ,どく,ようりょくそ,,にげあし,45,50,55,75,65,30,320,
44,44,クサイハナ,,くさ,どく,ようりょくそ,,あくしゅう,60,65,70,85,75,40,395,
45,45,ラフレシア,,くさ,どく,ようりょくそ,,ほうし,75,80,85,110,90,50,490,
46,46,パラス,,むし,くさ,ほうし, かんそうはだ,しめりけ,35,70,55,45,55,25,285,
47,47,パラセクト,,むし,くさ,ほうし, かんそうはだ,しめりけ,60,95,80,60,80,30,405,
48,48,コンパン,,むし,どく,ふくがん, いろめがね,にげあし,60,55,50,40,55,45,305,
49,49,モルフォン,,むし,どく,りんぷん, いろめがね,ミラクルスキン,70,65,60,90,75,90,450,
50,50,ディグダ,,じめん,,すながくれ, ありじごく,すなのちから,10,55,25,35,45,95,265,
50a,50,ディグダ,アローラのすがた,じめん,はがね,すながくれ,カーリーヘアー,すなのちから,10,55,30,35,45,90,265,
51,51,ダグトリオ,,じめん,,すながくれ, ありじごく,すなのちから,35,100,50,50,70,120,425,
51a,51,ダグトリオ,アローラのすがた,じめん,はがね,すながくれ,カーリーヘアー,すなのちから,35,100,60,50,70,110,425,
52,52,ニャース,,ノーマル,,ものひろい, テクニシャン,きんちょうかん,40,45,35,40,40,90,290,
52a,52,ニャース,アローラのすがた,あく,,ものひろい,テクニシャン,びびり,40,35,35,50,40,90,290,
52g,52,ニャース,ガラルのすがた,はがね,,ものひろい,かたいつめ,きんちょうかん,50,65,55,40,40,40,290,
53,53,ペルシアン,,ノーマル,,じゅうなん, テクニシャン,きんちょうかん,65,70,60,65,65,115,440,
53a,53,ペルシアン,アローラのすがた,あく,,ファーコート,テクニシャン,びびり,65,60,60,75,65,115,440,
54,54,コダック,,みず,,しめりけ, ノーてんき,すいすい,50,52,48,65,50,55,320,
55,55,ゴルダック,,みず,,しめりけ, ノーてんき,すいすい,80,82,78,95,80,85,500,
56,56,マンキー,,かくとう,,やるき, いかりのつぼ,まけんき,40,80,35,35,45,70,305,
57,57,オコリザル,,かくとう,,やるき, いかりのつぼ,まけんき,65,105,60,60,70,95,455,
58,58,ガーディ,,ほのお,,いかく, もらいび,せいぎのこころ,55,70,45,70,50,60,350,
59,59,ウインディ,,ほのお,,いかく, もらいび,せいぎのこころ,90,110,80,100,80,95,555,
59h,59,ウインディ,ヒスイのすがた,ほのお,いわ,いかく,もらいび,いしあたま,95,115,80,95,80,90,555,0000000000001000001101100110010101111000011110010110100001101000
60,60,ニョロモ,,みず,,ちょすい, しめりけ,すいすい,40,50,40,40,40,90,300,
61,61,ニョロゾ,,みず,,ちょすい, しめりけ,すいすい,65,65,65,50,50,90,385,
62,62,ニョロボン,,みず,かくとう,ちょすい, しめりけ,すいすい,90,95,95,70,90,70,510,
63,63,ケーシィ,,エスパー,,シンクロ, せいしんりょく,マジックガード,25,20,15,105,55,90,310,
64,64,ユンゲラー,,エスパー,,シンクロ, せいしんりょく,マジックガード,40,35,30,120,70,105,400,
65,65,フーディン,,エスパー,,シンクロ, せいしんりょく,マジックガード,55,50,45,135,95,120,500,
66,66,ワンリキー,,かくとう,,こんじょう, ノーガード,ふくつのこころ,70,80,50,35,35,35,305,
67,67,ゴーリキー,,かくとう,,こんじょう, ノーガード,ふくつのこころ,80,100,70,50,60,45,405,
68,68,カイリキー,,かくとう,,こんじょう, ノーガード,ふくつのこころ,90,130,80,65,85,55,505,
69,69,マダツボミ,,くさ,どく,ようりょくそ,,くいしんぼう,50,75,35,70,30,40,300,
70,70,ウツドン,,くさ,どく,ようりょくそ,,くいしんぼう,65,90,50,85,45,55,390,
71,71,ウツボット,,くさ,どく,ようりょくそ,,くいしんぼう,80,105,65,100,70,70,490,
72,72,メノクラゲ,,みず,どく,クリアボディ, ヘドロえき,あめうけざら,40,40,35,50,100,70,335,
73,73,ドククラゲ,,みず,どく,クリアボディ, ヘドロえき,あめうけざら,80,70,65,80,120,100,515,
74,74,イシツブテ,,いわ,じめん,いしあたま, がんじょう,すながくれ,40,80,100,30,30,20,300,
75,75,ゴローン,,いわ,じめん,いしあたま, がんじょう,すながくれ,55,95,115,45,45,35,390,
76,76,ゴローニャ,,いわ,じめん,いしあたま, がんじょう,すながくれ,80,120,130,55,65,45,495,
77,77,ポニータ,,ほのお,,にげあし, もらいび,ほのおのからだ,50,85,55,65,65,90,410,
77g,77,ポニータ,ガラルのすがた,エスパー,,にげあし,パステルベール,きけんよち,50,85,55,65,65,90,410,
78,78,ギャロップ,,ほのお,,にげあし, もらいび,ほのおのからだ,65,100,70,80,80,105,500,
78g,78,ギャロップ,ガラルのすがた,エスパー,フェアリー,にげあし,パステルベール,きけんよち,65,100,70,80,80,105,500,
79,79,ヤドン,,みず,エスパー,どんかん, マイペース,さいせいりょく,90,65,65,40,40,15,315,
79g,79,ヤドン,ガラルのすがた,エスパー,,くいしんぼう,マイペース,さいせいりょく,90,65,65,40,40,15,315,
80,80,ヤドラン,,みず,エスパー,どんかん, マイペース,さいせいりょく,95,75,110,100,80,30,490,
80g,80,ヤドラン,ガラルのすがた,どく,エスパー,クイックドロウ,マイペース,さいせいりょく,95,100,95,100,70,30,490,
81,81,コイル,,でんき,はがね,じりょく, がんじょう,アナライズ,25,35,70,95,55,45,325,
82,82,レアコイル,,でんき,はがね,じりょく, がんじょう,アナライズ,50,60,95,120,70,70,465,0100010111011100010010000010011010110110110011000111100001011010
83,83,カモネギ,,ノーマル,ひこう,するどいめ, せいしんりょく,まけんき,52,90,55,58,62,60,377,
83g,83,カモネギ,ガラルのすがた,かくとう,,ふくつのこころ,,きもったま,52,95,55,58,62,55,377,
84,84,ドードー,,ノーマル,ひこう,にげあし, はやおき,ちどりあし,35,85,45,35,35,75,310,
85,85,ドードリオ,,ノーマル,ひこう,にげあし, はやおき,ちどりあし,60,110,70,60,60,110,470,
86,86,パウワウ,,みず,,あついしぼう, うるおいボディ,アイスボディ,65,45,55,45,70,45,325,
87,87,ジュゴン,,みず,こおり,あついしぼう, うるおいボディ,アイスボディ,90,70,80,70,95,70,475,
88,88,ベトベター,,どく,,あくしゅう, ねんちゃく,どくしゅ,80,80,50,40,50,25,325,
89,89,ベトベトン,,どく,,あくしゅう, ねんちゃく,どくしゅ,105,105,75,65,100,50,500,
90,90,シェルダー,,みず,,シェルアーマー, スキルリンク,ぼうじん,30,65,100,45,25,40,305,
91,91,パルシェン,,みず,こおり,シェルアーマー, スキルリンク,ぼうじん,50,95,180,85,45,70,525,
92,92,ゴース,,ゴースト,どく,ふゆう,,,30,35,30,100,35,80,310,
93,93,ゴースト,,ゴースト,どく,ふゆう,,,45,50,45,115,55,95,405,
94,94,ゲンガー,,ゴースト,どく,のろわれボディ,,,60,65,60,130,75,110,500,1011001011001100110110001001000010011110110111101100000011011100
95,95,イワーク,,いわ,じめん,いしあたま, がんじょう,くだけるよろい,35,45,160,30,45,70,385,
96,96,スリープ,,エスパー,,ふみん, よちむ,せいしんりょく,60,48,45,43,90,42,328,
97,97,スリーパー　,,エスパー,,ふみん, よちむ,せいしんりょく,85,73,70,73,115,67,483,
98,98,クラブ,,みず,,かいりきバサミ, シェルアーマー,ちからずく,30,105,90,25,25,50,325,
99,99,キングラー,,みず,,かいりきバサミ, シェルアーマー,ちからずく,55,130,115,50,50,75,475,
100,100,ビリリダマ,,でんき,,ぼうおん, せいでんき,ゆうばく,40,30,50,55,55,100,330,
101,101,マルマイン,,でんき,,ぼうおん, せいでんき,ゆうばく,60,50,70,80,80,150,490,
102,102,タマタマ,,くさ,エスパー,ようりょくそ,,しゅうかく,60,40,80,60,45,40,325,
103,103,ナッシー,,くさ,エスパー,ようりょくそ,,しゅうかく,95,95,85,125,75,55,530,
104,104,カラカラ,,じめん,,いしあたま, ひらいしん,カブトアーマー,50,50,95,40,50,35,320,
105,105,ガラガラ,,じめん,,いしあたま, ひらいしん,カブトアーマー,60,80,110,50,80,45,425,
106,106,サワムラー,,かくとう,,じゅうなん, すてみ,かるわざ,50,120,53,35,110,87,455,
107,107,エビワラー,,かくとう,,するどいめ, てつのこぶし,せいしんりょく,50,105,79,35,110,76,455,
108,108,ベロリンガ,,ノーマル,,マイペース, どんかん,ノーてんき,90,55,75,60,75,30,385,
109,109,ドガース,,どく,,ふゆう,,,40,65,95,60,45,35,340,
110,110,マタドガス,,どく,,ふゆう,,,65,90,120,85,70,60,490,
111,111,サイホーン,,じめん,いわ,ひらいしん, いしあたま,すてみ,80,85,95,30,30,25,345,
112,112,サイドン,,じめん,いわ,ひらいしん, いしあたま,すてみ,105,130,120,45,45,40,485,
113,113,ラッキー,,ノーマル,,しぜんかいふく, てんのめぐみ,いやしのこころ,250,5,5,35,105,50,450,
114,114,モンジャラ,,くさ,,ようりょくそ, リーフガード,さいせいりょく,65,55,115,100,40,60,435,
115,115,ガルーラ,,ノーマル,,はやおき, きもったま,せいしんりょく,105,95,80,40,80,90,490,
116,116,タッツー,,みず,,すいすい, スナイパー,しめりけ,30,40,70,70,25,60,295,
117,117,シードラ,,みず,,どくのトゲ, スナイパー,しめりけ,55,65,95,95,45,85,440,
118,118,トサキント,,みず,,すいすい, みずのベール,ひらいしん,45,67,60,35,50,63,320,
119,119,アズマオウ,,みず,,すいすい, みずのベール,ひらいしん,80,92,65,65,80,68,450,
120,120,ヒトデマン,,みず,,はっこう, しぜんかいふく,アナライズ,30,45,55,70,55,85,340,
121,121,スターミー,,みず,エスパー,はっこう, しぜんかいふく,アナライズ,60,75,85,100,85,115,520,
122,122,バリヤード,,エスパー,フェアリー,ぼうおん, フィルター,テクニシャン,40,45,65,100,120,90,460,
122g,122,バリヤード,ガラルのすがた,こおり,エスパー,やるき,バリアフリー,アイスボディ,50,65,65,90,90,100,460,
123,123,ストライク,,むし,ひこう,むしのしらせ, テクニシャン,ふくつのこころ,70,110,80,55,80,105,500,
124,124,ルージュラ,,こおり,エスパー,どんかん, よちむ,かんそうはだ,65,50,35,115,95,95,455,
125,125,エレブー,,でんき,,せいでんき,,やるき,65,83,57,95,85,105,490,
126,126,ブーバー,,ほのお,,ほのおのからだ,,やるき,65,95,57,100,85,93,495,
127,127,カイロス,,むし,,かいりきバサミ, かたやぶり,じしんかじょう,65,125,100,55,70,85,500,
128,128,ケンタロス,,ノーマル,,いかく, いかりのつぼ,ちからずく,75,100,95,40,70,110,490,
128a,128,ケンタロス,パルデアのすがた単,かくとう,,いかく,いかりのつぼ,はんすう,75,110,105,30,70,100,490,0000000000000000000000000011010001101000011100000011100000110000
128h,128,ケンタロス,パルデアのすがた炎,かくとう,ほのお,いかく,いかりのつぼ,はんすう,75,110,105,30,70,100,490,
128w,128,ケンタロス,パルデアのすがた水,かくとう,みず,いかく,いかりのつぼ,はんすう,75,110,105,30,70,100,490,
129,129,コイキング,,みず,,すいすい,,びびり,20,10,55,15,20,80,200,
130,130,ギャラドス,,みず,ひこう,いかく,,じしんかじょう,95,125,79,60,100,81,540,1010000010110001101101001001010010010101011100010111001001110110
131,131,ラプラス,,みず,こおり,ちょすい, シェルアーマー,うるおいボディ,130,85,80,85,95,60,535,
132,132,メタモン,,ノーマル,,じゅうなん,,かわりもの,48,48,48,48,48,48,288,
133,133,イーブイ,,ノーマル,,にげあし, てきおうりょく,きけんよち,55,55,50,45,65,55,325,
134,134,シャワーズ,,みず,,ちょすい,,うるおいボディ,130,65,60,110,95,65,525,
135,135,サンダース,,でんき,,ちくでん,,はやあし,65,65,60,110,95,130,525,
136,136,ブースター,,ほのお,,もらいび,,こんじょう,65,130,60,95,110,65,525,
137,137,ポリゴン,,ノーマル,,トレース, ダウンロード,アナライズ,65,60,70,85,75,40,395,
138,138,オムナイト,,いわ,みず,すいすい, シェルアーマー,くだけるよろい,35,40,100,90,55,35,355,
139,139,オムスター,,いわ,みず,すいすい, シェルアーマー,くだけるよろい,70,60,125,115,70,55,495,
140,140,カブト,,いわ,みず,すいすい, カブトアーマー,くだけるよろい,30,80,90,55,45,55,355,
141,141,カブトプス,,いわ,みず,すいすい, カブトアーマー,くだけるよろい,60,115,105,65,70,80,495,
142,142,プテラ,,いわ,ひこう,いしあたま, プレッシャー,きんちょうかん,80,105,65,60,75,130,515,
143,143,カビゴン,,ノーマル,,めんえき, あついしぼう,くいしんぼう,160,110,65,65,110,30,540,0110100001011100110011001001110000000110100001101100110011001000
144,144,フリーザー,,こおり,ひこう,プレッシャー,,ゆきがくれ,90,85,100,95,125,85,580,
144g,144,フリーザー,ガラルのすがた,エスパー,ひこう,かちき,,,90,85,85,125,100,95,580,
145,145,サンダー,,でんき,ひこう,プレッシャー,,せいでんき,90,90,85,125,90,100,580,0000010011000110011011000110010001110000011110000011000000011000
145g,145,サンダー,ガラルのすがた,かくとう,ひこう,まけんき,,,90,125,90,85,90,100,580,
146,146,ファイヤー,,ほのお,ひこう,プレッシャー,,ほのおのからだ,90,100,90,125,85,90,580,0000001000100111101001111100111011010100011100000010000001100000
146g,146,ファイヤー,ガラルのすがた,あく,ひこう,ぎゃくじょう,,,90,85,90,100,125,90,580,
147,147,ミニリュウ,,ドラゴン,,だっぴ,,ふしぎなうろこ,41,64,45,50,50,50,300,
148,148,ハクリュー,,ドラゴン,,だっぴ,,ふしぎなうろこ,61,84,65,70,70,70,420,
149,149,カイリュー,,ドラゴン,ひこう,せいしんりょく,,マルチスケイル,91,134,95,100,100,80,600,1011000010101000101110001011101000111001001101101001000000011000
150,150,ミュウツー,,エスパー,,プレッシャー,,きんちょうかん,106,110,90,154,90,130,680,
151,151,ミュウ,,エスパー,,シンクロ,,,100,100,100,100,100,100,600,
152,152,チコリータ,,くさ,,しんりょく,,リーフガード,45,49,65,49,65,45,318,
153,153,ベイリーフ,,くさ,,しんりょく,,リーフガード,60,62,80,63,80,60,405,
154,154,メガニウム,,くさ,,しんりょく,,リーフガード,80,82,100,83,100,80,525,
155,155,ヒノアラシ,,ほのお,,もうか,,もらいび,39,52,43,60,50,65,309,
156,156,マグマラシ,,ほのお,,もうか,,もらいび,58,64,58,80,65,80,405,
157,157,バクフーン,,ほのお,,もうか,,もらいび,78,84,78,109,85,100,534,
157h,157,バクフーン,ヒスイのすがた,ほのお,ゴースト,もうか,,おみとおし,73,84,78,119,85,95,534,0111000010110000100110011110010011001010110110011101010010011110
158,158,ワニノコ,,みず,,げきりゅう,,ちからずく,50,65,64,44,48,43,314,
159,159,アリゲイツ,,みず,,げきりゅう,,ちからずく,65,80,80,59,63,58,405,
160,160,オーダイル,,みず,,げきりゅう,,ちからずく,85,105,100,79,83,78,530,
161,161,オタチ,,ノーマル,,にげあし, するどいめ,おみとおし,35,46,34,35,45,20,215,
162,162,オオタチ,,ノーマル,,にげあし, するどいめ,おみとおし,85,76,64,45,55,90,415,
163,163,ホーホー,,ノーマル,ひこう,ふみん, するどいめ,いろめがね,60,30,30,36,56,50,262,
164,164,ヨルノズク,,ノーマル,ひこう,ふみん, するどいめ,いろめがね,100,50,50,86,96,70,452,
165,165,レディバ,,むし,ひこう,むしのしらせ, はやおき,びびり,40,20,30,40,80,55,265,
166,166,レディアン,,むし,ひこう,むしのしらせ, はやおき,てつのこぶし,55,35,50,55,110,85,390,
167,167,イトマル,,むし,どく,むしのしらせ, ふみん,スナイパー,40,60,40,40,40,30,250,
168,168,アリアドス,,むし,どく,むしのしらせ, ふみん,スナイパー,70,90,70,60,70,40,400,
169,169,クロバット,,どく,ひこう,せいしんりょく,,すりぬけ,85,90,80,70,80,130,535,
170,170,チョンチー,,みず,でんき,ちくでん, はっこう,ちょすい,75,38,38,56,56,67,330,
171,171,ランターン,,みず,でんき,ちくでん, はっこう,ちょすい,125,58,58,76,76,67,460,
172,172,ピチュー,,でんき,,せいでんき,,ひらいしん,20,40,15,35,35,60,205,
173,173,ピィ,,フェアリー,,メロメロボディ, マジックガード,フレンドガード,50,25,28,45,55,15,218,
174,174,ププリン,,ノーマル,フェアリー,メロメロボディ, かちき,フレンドガード,90,30,15,40,20,15,210,
175,175,トゲピー,,フェアリー,,はりきり, てんのめぐみ,きょううん,35,20,65,40,65,20,245,
176,176,トゲチック,,フェアリー,ひこう,はりきり, てんのめぐみ,きょううん,55,40,85,80,105,40,405,
177,177,ネイティ,,エスパー,ひこう,シンクロ, はやおき,マジックミラー,40,50,45,70,45,70,320,
178,178,ネイティオ,,エスパー,ひこう,シンクロ, はやおき,マジックミラー,65,75,70,95,70,95,470,
179,179,メリープ,,でんき,,せいでんき,,プラス,55,40,40,65,45,35,280,
180,180,モココ,,でんき,,せいでんき,,プラス,70,55,55,80,60,45,365,
181,181,デンリュウ,,でんき,,せいでんき,,プラス,90,75,85,115,90,55,510,
182,182,キレイハナ,,くさ,,ようりょくそ,,いやしのこころ,75,80,95,90,100,50,490,1110100011000110100101101100110011000010100000101010001011110010
183,183,マリル,,みず,フェアリー,あついしぼう, ちからもち,そうしょく,70,20,50,20,50,40,250,
184,184,マリルリ,,みず,フェアリー,あついしぼう, ちからもち,そうしょく,100,50,80,60,80,50,420,
185,185,ウソッキー,,いわ,,がんじょう, いしあたま,びびり,70,100,115,30,65,30,410,
186,186,ニョロトノ,,みず,,ちょすい, しめりけ,あめふらし,90,75,75,90,100,70,500,
187,187,ハネッコ,,くさ,ひこう,ようりょくそ, リーフガード,すりぬけ,35,35,40,35,55,50,250,
188,188,ポポッコ,,くさ,ひこう,ようりょくそ, リーフガード,すりぬけ,55,45,50,45,65,80,340,
189,189,ワタッコ,,くさ,ひこう,ようりょくそ, リーフガード,すりぬけ,75,55,70,55,95,110,460,
190,190,エイパム,,ノーマル,,にげあし, ものひろい,スキルリンク,55,70,55,40,55,85,360,
191,191,ヒマナッツ,,くさ,,ようりょくそ, サンパワー,はやおき,30,30,30,30,30,30,180,
192,192,キマワリ,,くさ,,ようりょくそ, サンパワー,はやおき,75,75,55,105,85,30,425,
193,193,ヤンヤンマ,,むし,ひこう,かそく, ふくがん,おみとおし,65,65,45,75,45,95,390,
194,194,ウパー,,みず,じめん,しめりけ, ちょすい,てんねん,55,45,45,25,25,15,210,
194p,194,ウパー,パルデアのすがた,どく,じめん,どくのトゲ,ちょすい,てんねん,55,45,45,25,25,15,210,
195,195,ヌオー,,みず,じめん,しめりけ, ちょすい,てんねん,95,85,85,65,65,35,430,
196,196,エーフィ,,エスパー,,シンクロ,,マジックミラー,65,65,60,130,95,110,525,0011101000110110101001001010010011010000110100001100000011000000
197,197,ブラッキー,,あく,,シンクロ,,せいしんりょく,95,65,110,60,130,65,525,0000100100011011101101101110100011100001011001000110010001101101
198,198,ヤミカラス,,あく,ひこう,ふみん, きょううん,いたずらごころ,60,85,42,85,42,91,405,
199,199,ヤドキング,,みず,エスパー,どんかん, マイペース,さいせいりょく,95,75,80,100,110,30,490,
199g,199,ヤドキング,ガラルのすがた,どく,エスパー,きみょうなくすり,マイペース,さいせいりょく,95,65,80,110,110,30,490,0000000000000000001100000111000000110000001100000011000000111000
200,200,ムウマ,,ゴースト,,ふゆう,,,60,60,60,85,85,85,435,
201,201,アンノーン,,エスパー,,ふゆう,,,48,72,48,72,48,48,336,
202,202,ソーナンス,,エスパー,,かげふみ,,テレパシー,190,33,58,33,58,33,405,
203,203,キリンリキ,,ノーマル,エスパー,せいしんりょく, はやおき,そうしょく,70,80,65,90,65,85,455,
204,204,クヌギダマ,,むし,,がんじょう,,ぼうじん,50,65,90,35,35,15,290,
205,205,フォレトス,,むし,はがね,がんじょう,,ぼうじん,75,90,140,60,60,40,465,
206,206,ノコッチ,,ノーマル,,てんのめぐみ, にげあし,びびり,100,70,70,65,65,45,415,
207,207,グライガー,,じめん,ひこう,かいりきバサミ, すながくれ,めんえき,65,75,105,35,65,85,430,
208,208,ハガネール,,はがね,じめん,いしあたま, がんじょう,ちからずく,75,85,200,55,65,30,510,
209,209,ブルー,,フェアリー,,いかく, にげあし,びびり,60,80,50,40,40,30,300,
210,210,グランブル,,フェアリー,,いかく, はやあし,びびり,90,120,75,60,60,45,450,
211,211,ハリーセン,,みず,どく,どくのトゲ, すいすい,いかく,65,95,85,55,55,85,440,
211h,211,ハリーセン,ヒスイのすがた,あく,どく,どくのトゲ, すいすい,いかく,65,95,85,55,55,85,440,
212,212,ハッサム,,むし,はがね,むしのしらせ, テクニシャン,ライトメタル,70,130,100,55,80,65,500,1101010101100000011010001111000010010001101011010110010001100100
213,213,ツボツボ,,むし,いわ,がんじょう, くいしんぼう,あまのじゃく,20,10,230,10,230,5,505,
214,214,ヘラクロス,,むし,かくとう,むしのしらせ, こんじょう,じしんかじょう,80,125,75,40,95,85,500,
215,215,ニューラ,,あく,こおり,せいしんりょく, するどいめ,わるいてぐせ,55,95,55,35,75,115,430,
215h,215,ニューラ,ヒスイのすがた,かくとう,どく,せいしんりょく, するどいめ,わるいてぐせ,55,95,55,35,75,115,430,
216,216,ヒメグマ,,ノーマル,,ものひろい, はやあし,みつあつめ,60,80,50,50,50,40,330,
217,217,リングマ,,ノーマル,,こんじょう, はやあし,きんちょうかん,90,130,75,75,75,55,500,
218,218,マグマッグ,,ほのお,,マグマのよろい, ほのおのからだ,くだけるよろい,40,40,40,70,40,20,250,
219,219,マグカルゴ,,ほのお,いわ,マグマのよろい, ほのおのからだ,くだけるよろい,60,50,120,90,80,30,430,
220,220,ウリムー,,こおり,じめん,どんかん, ゆきがくれ,あついしぼう,50,50,40,30,30,50,250,
221,221,イノムー,,こおり,じめん,どんかん, ゆきがくれ,あついしぼう,100,100,80,60,60,50,450,
222,222,サニーゴ,,みず,いわ,はりきり, しぜんかいふく,さいせいりょく,65,55,95,65,95,35,410,
222g,222,サニーゴ,ガラルのすがた,ゴースト,,くだけるよろい,,のろわれボディ,60,55,100,65,100,30,410,
223,223,テッポウオ,,みず,,はりきり, スナイパー,ムラっけ,60,65,35,65,35,65,300,
224,224,オクタン,,みず,,きゅうばん, スナイパー,ムラっけ,75,105,75,105,75,45,480,
225,225,デリバード,,こおり,ひこう,やるき, はりきり,ふみん,45,55,45,65,45,75,330,
226,226,マンタイン,,みず,ひこう,すいすい, ちょすい,みずのベール,85,40,70,80,140,70,485,
227,227,エアームド,,はがね,ひこう,するどいめ, がんじょう,くだけるよろい,65,80,140,40,70,70,465,0100110010001100100111001101110001101000011000000110000001101000
228,228,デルビル,,あく,ほのお,はやおき, もらいび,きんちょうかん,45,60,30,80,50,65,330,
229,229,ヘルガー,,あく,ほのお,はやおき, もらいび,きんちょうかん,75,90,50,110,80,95,500,
230,230,キングドラ,,みず,ドラゴン,すいすい, スナイパー,しめりけ,75,95,95,95,95,85,540,
231,231,ゴマゾウ,,じめん,,ものひろい,,すながくれ,90,60,60,40,40,40,330,
232,232,ドンファン,,じめん,,がんじょう,,すながくれ,90,120,120,60,60,50,500,
233,233,ポリゴン２,,ノーマル,,トレース, ダウンロード,アナライズ,85,80,90,105,95,60,515,1110011011101010101010000110000011100100110110001001101111111100
234,234,オドシシ,,ノーマル,,いかく, おみとおし,そうしょく,73,95,62,85,65,85,465,
235,235,ドーブル,,ノーマル,,マイペース, テクニシャン,ムラっけ,55,20,35,20,45,75,250,
236,236,バルキー,,かくとう,,こんじょう, ふくつのこころ,やるき,35,35,35,35,35,35,210,
237,237,カポエラー,,かくとう,,いかく, テクニシャン,ふくつのこころ,50,95,95,35,110,70,455,
238,238,ムチュール,,こおり,エスパー,どんかん, よちむ,うるおいボディ,45,30,15,85,65,65,305,
239,239,エレキッド,,でんき,,せいでんき,,やるき,45,63,37,65,55,95,360,
240,240,ブビィ,,ほのお,,ほのおのからだ,,やるき,45,75,37,70,55,83,365,
241,241,ミルタンク,,ノーマル,,あついしぼう, きもったま,そうしょく,95,80,105,40,70,100,490,
242,242,ハピナス,,ノーマル,,しぜんかいふく, てんのめぐみ,いやしのこころ,255,10,10,75,135,55,540,
243,243,ライコウ,,でんき,,プレッシャー,,せいしんりょく,90,85,75,115,100,115,580,
244,244,エンテイ,,ほのお,,プレッシャー,,せいしんりょく,115,115,85,90,75,100,580,1100010001101100110011000110100001110000101001001010010010100100
245,245,スイクン,,みず,,プレッシャー,,せいしんりょく,100,75,115,90,115,85,580,0110001001100100011001010111010001011000011101000111010001010000
246,246,ヨーギラス,,いわ,じめん,こんじょう,,すながくれ,50,64,50,45,50,41,300,
247,247,サナギラス,,いわ,じめん,だっぴ,,だっぴ,70,84,70,65,70,51,410,
248,248,バンギラス,,いわ,あく,すなおこし,,きんちょうかん,100,134,110,95,100,61,600,
249,249,ルギア,,エスパー,ひこう,プレッシャー,,マルチスケイル,106,90,130,90,154,110,680,
250,250,ホウオウ,,ほのお,ひこう,プレッシャー,,さいせいりょく,106,130,90,110,154,90,680,
251,251,セレビィ,,エスパー,むし,しぜんかいふく,,,100,100,100,100,100,100,600,
252,252,キモリ,,くさ,,しんりょく,,かるわざ,40,45,35,65,55,70,310,
253,253,ジュプトル,,くさ,,しんりょく,,かるわざ,50,65,45,85,65,95,405,
254,254,ジュカイン,,くさ,,しんりょく,,かるわざ,70,85,65,105,85,120,530,
255,255,アチャモ,,ほのお,,もうか,,かそく,45,60,40,70,50,45,310,
256,256,ワカシャモ,,ほのお,かくとう,もうか,,かそく,60,85,60,85,60,55,405,
257,257,バシャーモ,,ほのお,かくとう,もうか,,かそく,80,120,70,110,70,80,530,
258,258,ミズゴロウ,,みず,,げきりゅう,,しめりけ,50,70,50,50,50,40,310,
259,259,ヌマクロー,,みず,じめん,げきりゅう,,しめりけ,70,85,70,60,70,50,405,
260,260,ラグラージ,,みず,じめん,げきりゅう,,しめりけ,100,110,90,85,90,60,535,1101100011010000111001001010110011001100110011011101011010011100
261,261,ポチエナ,,あく,,にげあし, はやあし,びびり,35,55,35,30,30,35,220,
262,262,グラエナ,,あく,,いかく, はやあし,じしんかじょう,70,90,70,60,60,70,420,
263,263,ジグザグマ,,ノーマル,,ものひろい, くいしんぼう,はやあし,38,30,41,30,41,60,240,
264,264,マッスグマ,,ノーマル,,ものひろい, くいしんぼう,はやあし,78,70,61,50,61,100,420,
265,265,ケムッソ,,むし,,りんぷん,,にげあし,45,45,35,20,30,20,195,
266,266,カラサリス,,むし,,だっぴ,,だっぴ,50,35,55,25,25,15,205,
267,267,アゲハント,,むし,ひこう,むしのしらせ,,とうそうしん,60,70,50,100,50,65,395,
268,268,マユルド,,むし,,だっぴ,,だっぴ,50,35,55,25,25,15,205,
269,269,ドクケイル,,むし,どく,りんぷん,,ふくがん,60,50,70,50,90,65,385,
270,270,ハスボー,,みず,むし,すいすい, あめうけざら,マイペース,40,30,30,40,50,30,220,
271,271,ハスブレロ,,みず,むし,すいすい, あめうけざら,マイペース,60,50,50,60,70,50,340,
272,272,ルンパッパ,,みず,むし,すいすい, あめうけざら,マイペース,80,70,70,90,100,70,480,
273,273,タネボー,,くさ,,ようりょくそ, はやおき,わるいてぐせ,40,40,50,30,30,30,220,
274,274,コノハナ,,くさ,あく,ようりょくそ, はやおき,わるいてぐせ,70,70,40,60,40,60,340,
275,275,ダーテング,,くさ,あく,ようりょくそ, はやおき,わるいてぐせ,90,100,60,90,60,80,480,
276,276,スバメ,,ノーマル,ひこう,こんじょう,,きもったま,40,55,30,30,30,85,270,
277,277,オオスバメ,,ノーマル,ひこう,こんじょう,,きもったま,60,85,60,75,50,125,455,
278,278,キャモメ,,みず,ひこう,するどいめ, うるおいボディ,あめうけざら,40,30,30,55,30,85,270,
279,279,ペリッパー,,みず,ひこう,するどいめ, あめふらし,あめうけざら,60,50,100,95,70,65,440,0111000001100000100110001001100010011000000110111111001001101000
280,280,ラルトス,,エスパー,フェアリー,シンクロ, トレース,テレパシー,28,25,25,45,35,40,198,
281,281,キルリア,,エスパー,フェアリー,シンクロ, トレース,テレパシー,38,35,35,65,55,50,278,
282,282,サーナイト,,エスパー,フェアリー,シンクロ, トレース,テレパシー,68,65,65,125,115,80,518,1100010011010000111001001010010000010010110110110100110000101101
283,283,アメタマ,,むし,みず,すいすい,,あめうけざら,40,30,32,50,52,65,269,
284,284,アメモース,,むし,ひこう,いかく,,きんちょうかん,70,60,62,100,82,80,454,
285,285,キノココ,,くさ,,ほうし, ポイズンヒール,はやあし,60,40,60,40,60,35,295,
286,286,キノガッサ,,くさ,かくとう,ほうし, ポイズンヒール,テクニシャン,60,130,80,60,60,70,460,1010001010101000101010011100001010010010101100001101001010010010
287,287,ナマケロ,,ノーマル,,なまけ,,,60,60,60,35,35,30,280,
288,288,ヤルキモノ,,ノーマル,,やるき,,,80,80,80,55,55,90,440,
289,289,ケッキング,,ノーマル,,なまけ,,,150,160,100,95,65,100,670,
290,290,ツチニン,,むし,じめん,ふくがん,,にげあし,31,45,90,30,30,40,266,
291,291,テッカニン,,むし,ひこう,かそく,,すりぬけ,61,90,45,50,50,160,456,
292,292,ヌケニン,,むし,ゴースト,ふしぎなまもり,,ふしぎなまもり,1,90,45,30,30,40,236,
293,293,ゴニョニョ,,ノーマル,,ぼうおん,,びびり,64,51,23,51,23,28,240,
294,294,ドゴーム,,ノーマル,,ぼうおん,,きもったま,84,71,43,71,43,48,360,
295,295,バクオング,,ノーマル,,ぼうおん,,きもったま,104,91,63,91,73,68,490,
296,296,マクノシタ,,かくとう,,あついしぼう, こんじょう,ちからずく,72,60,30,20,30,25,237,
297,297,ハリテヤマ,,かくとう,,あついしぼう, こんじょう,ちからずく,144,120,60,40,60,50,474,1001011011010111100010101001101010001100100101101001010010011100
298,298,ルリリ,,ノーマル,フェアリー,あついしぼう, ちからもち,そうしょく,50,20,40,20,40,20,190,
299,299,ノズパス,,いわ,,がんじょう, じりょく,すなのちから,30,45,135,45,90,30,375,
300,300,エネコ,,ノーマル,,メロメロボディ, ノーマルスキン,ミラクルスキン,50,45,45,35,35,50,260,
301,301,エネコロロ,,ノーマル,,メロメロボディ, ノーマルスキン,ミラクルスキン,70,65,65,55,55,90,400,
302,302,ヤミラミ,,あく,ゴースト,するどいめ, あとだし,いたずらごころ,50,75,75,65,65,50,380,1101000111011011110001011110110011101100000111000011010001100100
303,303,クチート,,はがね,フェアリー,かいりきバサミ, いかく,ちからずく,50,85,85,55,55,50,380,
304,304,ココドラ,,はがね,いわ,がんじょう, いしあたま,ヘヴィメタル,50,70,100,40,40,30,330,
305,305,コドラ,,はがね,いわ,がんじょう, いしあたま,ヘヴィメタル,60,90,140,50,50,40,430,
306,306,ボスゴドラ,,はがね,いわ,がんじょう, いしあたま,ヘヴィメタル,70,110,180,60,60,50,530,
307,307,アサナン,,かくとう,エスパー,ヨガパワー,,テレパシー,30,40,55,40,55,60,280,
308,308,チャーレム,,かくとう,エスパー,ヨガパワー,,テレパシー,60,60,75,60,75,80,410,
309,309,ラクライ,,でんき,,せいでんき, ひらいしん,マイナス,40,45,40,65,40,65,295,
310,310,ライボルト,,でんき,,せいでんき, ひらいしん,マイナス,70,75,60,105,60,105,475,
311,311,プラスル,,でんき,,プラス,,ひらいしん,60,50,40,85,75,95,405,
312,312,マイナン,,でんき,,マイナス,,ちくでん,60,40,50,75,85,95,405,
313,313,バルビート,,むし,,はっこう, むしのしらせ,いたずらごころ,65,73,75,47,85,85,430,
314,314,イルミーゼ,,むし,,どんかん, いろめがね,いたずらごころ,65,47,75,73,85,85,430,1011000010010100101110000011110010010100100110001100100011010000
315,315,ロゼリア,,くさ,どく,しぜんかいふく, どくのトゲ,リーフガード,50,60,45,100,80,65,400,
316,316,ゴクリン,,どく,,ヘドロえき, ねんちゃく,くいしんぼう,70,43,53,43,53,40,302,
317,317,マルノーム,,どく,,ヘドロえき, ねんちゃく,くいしんぼう,100,73,83,73,83,55,467,
318,318,キバニア,,みず,あく,さめはだ,,かそく,45,90,20,65,20,65,305,
319,319,サメハダー,,みず,あく,さめはだ,,かそく,70,120,40,95,40,95,460,
320,320,ホエルコ,,みず,,みずのベール, どんかん,プレッシャー,130,70,35,70,35,60,400,
321,321,ホエルオー,,みず,,みずのベール, どんかん,プレッシャー,170,90,45,90,45,60,500,
322,322,ドンメル,,ほのお,じめん,どんかん, たんじゅん,マイペース,60,60,40,65,45,35,305,
323,323,バクーダ,,ほのお,じめん,マグマのよろい, ハードロック,いかりのつぼ,70,100,70,105,75,40,460,
324,324,コータス,,ほのお,,しろいけむり, ひでり,シェルアーマー,70,85,140,85,70,20,470,1101000010000010111001001111000010110100101101101001011000011001
325,325,バネブー,,エスパー,,あついしぼう, マイペース,くいしんぼう,60,25,35,70,80,60,330,
326,326,ブーピッグ,,エスパー,,あついしぼう, マイペース,くいしんぼう,80,45,65,90,110,80,470,
327,327,パッチール,,ノーマル,,マイペース, ちどりあし,あまのじゃく,60,60,60,60,60,60,360,
328,328,ナックラー,,じめん,,かいりきバサミ, ありじごく,ちからずく,45,100,45,45,45,10,290,
329,329,ビブラーバ,,じめん,ドラゴン,ふゆう,,ふゆう,50,70,50,50,50,70,340,
330,330,フライゴン,,じめん,ドラゴン,ふゆう,,ふゆう,80,100,80,80,80,100,520,0011000001100000100011001001001011010011110100110110100001101000
331,331,サボネア,,くさ,,すながくれ,,ちょすい,50,85,40,85,40,35,335,
332,332,ノクタス,,くさ,あく,すながくれ,,ちょすい,70,115,60,115,60,55,475,
333,333,チルット,,ノーマル,ひこう,しぜんかいふく,,ノーてんき,45,40,60,40,75,50,310,
334,334,チルタリス,,ドラゴン,ひこう,しぜんかいふく,,ノーてんき,75,70,90,70,105,80,490,
335,335,ザングース,,ノーマル,,めんえき,,どくぼうそう,73,115,60,60,60,90,458,
336,336,ハブネーク,,どく,,だっぴ,,すりぬけ,73,100,60,100,60,65,458,
337,337,ルナトーン,,いわ,エスパー,ふゆう,,,90,55,65,95,85,70,460,
338,338,ソルロック,,いわ,エスパー,ふゆう,,,90,95,85,55,65,70,460,
339,339,ドジョッチ,,みず,じめん,どんかん, きけんよち,うるおいボディ,50,48,43,46,41,60,288,
340,340,ナマズン,,みず,じめん,どんかん, きけんよち,うるおいボディ,110,78,73,76,71,60,468,1100100001010011011100111011110010101100111110000010110000110100
341,341,ヘイガニ,,みず,,かいりきバサミ, シェルアーマー,てきおうりょく,43,80,65,50,35,35,308,
342,342,シザリガー,,みず,あく,かいりきバサミ, シェルアーマー,てきおうりょく,63,120,85,90,55,55,468,
343,343,ヤジロン,,じめん,エスパー,ふゆう,,,40,40,55,40,70,55,300,
344,344,ネンドール,,じめん,エスパー,ふゆう,,,60,70,105,70,120,75,500,
345,345,リリーラ,,いわ,くさ,きゅうばん,,よびみず,66,41,77,61,87,23,355,
346,346,ユレイドル,,いわ,くさ,きゅうばん,,よびみず,86,81,97,81,107,43,495,
347,347,アノプス,,いわ,むし,カブトアーマー,,すいすい,45,95,50,40,50,75,355,
348,348,アーマルド,,いわ,むし,カブトアーマー,,すいすい,75,125,100,70,80,45,495,
349,349,ヒンバス,,みず,,すいすい, どんかん,てきおうりょく,20,15,20,10,55,80,200,
350,350,ミロカロス,,みず,,ふしぎなうろこ, かちき,メロメロボディ,95,60,79,100,125,81,540,1000110011011000011101000101011111011110110110100011000010011000
351,351,ポワルン,,ノーマル,,てんきや,,,70,70,70,70,70,70,420,
352,352,カクレオン,,ノーマル,,へんしょく,,へんげんじざい,60,90,70,60,120,40,440,
353,353,カゲボウズ,,ゴースト,,ふみん, おみとおし,のろわれボディ,44,75,35,63,33,45,295,
354,354,ジュペッタ,,ゴースト,,ふみん, おみとおし,のろわれボディ,64,115,65,83,63,65,455,
355,355,ヨマワル,,ゴースト,,ふゆう,,おみとおし,20,40,90,30,90,25,295,
356,356,サマヨール,,ゴースト,,プレッシャー,,おみとおし,40,70,130,60,130,25,455,
357,357,トロピウス,,くさ,ひこう,ようりょくそ, サンパワー,しゅうかく,99,68,83,72,87,51,460,
358,358,チリーン,,エスパー,,ふゆう,,,75,50,80,95,90,65,455,
359,359,アブソル,,あく,,プレッシャー, きょううん,せいぎのこころ,65,130,60,75,60,75,465,
360,360,ソーナノ,,エスパー,,かげふみ,,テレパシー,95,23,48,23,48,23,260,
361,361,ユキワラシ,,こおり,,せいしんりょく, アイスボディ,ムラっけ,50,50,50,50,50,50,300,
362,362,オニゴーリ,,こおり,,せいしんりょく, アイスボディ,ムラっけ,80,80,80,80,80,80,480,
363,363,タマザラシ,,こおり,みず,あついしぼう, アイスボディ,どんかん,70,40,50,55,50,25,290,
364,364,トドグラー,,こおり,みず,あついしぼう, アイスボディ,どんかん,90,60,70,75,70,45,410,
365,365,トドゼルガ,,こおり,みず,あついしぼう, アイスボディ,どんかん,110,80,90,95,90,65,530,
366,366,パールル,,みず,,シェルアーマー,,びびり,35,64,85,74,55,32,345,
367,367,ハンテール,,みず,,すいすい,,みずのベール,55,104,105,94,75,52,485,
368,368,サクラビス,,みず,,すいすい,,うるおいボディ,55,84,105,114,75,52,485,
369,369,ジーランス,,みず,いわ,すいすい, いしあたま,がんじょう,100,90,130,45,65,55,485,
370,370,ラブカス,,みず,,すいすい,,うるおいボディ,43,30,55,40,65,97,330,
371,371,タツベイ,,ドラゴン,,いしあたま,,ちからずく,45,75,60,40,30,50,300,
372,372,コモルー,,ドラゴン,,いしあたま,,ぼうじん,65,95,100,60,50,50,420,
373,373,ボーマンダ,,ドラゴン,ひこう,いかく,,じしんかじょう,95,135,80,110,80,100,600,0001110011001100101000101000001011001100110110001100110011001001
374,374,ダンバル,,はがね,エスパー,クリアボディ,,ライトメタル,40,55,80,35,60,30,300,
375,375,メタング,,はがね,エスパー,クリアボディ,,ライトメタル,60,75,100,55,80,50,420,
376,376,メタグロス,,はがね,エスパー,クリアボディ,,ライトメタル,80,135,130,95,90,70,600,1010100010111010110010100101010101100111000001110000011000000110
377,377,レジロック,,いわ,,クリアボディ,,がんじょう,80,100,200,50,100,50,580,
378,378,レジアイス,,こおり,,クリアボディ,,アイスボディ,80,50,100,100,200,50,580,0011001001101100110011100000101010001101011010000110100000101010
379,379,レジスチル,,はがね,,クリアボディ,,ライトメタル,80,75,150,75,150,50,580,
380,380,ラティアス,,ドラゴン,エスパー,ふゆう,,,80,80,90,110,130,110,600,0100000010000011100001101100110010011000110100000110000001101100
381,381,ラティオス,,ドラゴン,エスパー,ふゆう,,,80,90,80,130,110,110,600,1000000110000111010011000110100000011000101010000011100000110100
382,382,カイオーガ,,みず,,あめふらし,,,100,100,90,150,140,90,670,
383,383,グラードン,,じめん,,ひでり,,,100,150,140,100,90,90,670,
384,384,レックウザ,,ドラゴン,ひこう,エアロック,,,105,150,90,150,90,95,680,
385,385,ジラーチ,,はがね,エスパー,てんのめぐみ,,,100,100,100,100,100,100,600,
386,386,デオキシスN,,エスパー,,プレッシャー,,,50,150,50,150,50,150,600,
387,387,ナエトル,,くさ,,しんりょく,,シェルアーマー,55,68,64,45,55,31,318,
388,388,ハヤシガメ,,くさ,,しんりょく,,シェルアーマー,75,89,85,55,65,36,405,
389,389,ドダイトス,,くさ,じめん,しんりょく,,シェルアーマー,95,109,105,75,85,56,525,
390,390,ヒコザル,,ほのお,,もうか,,てつのこぶし,44,58,44,58,44,61,309,
391,391,モウカザル,,ほのお,かくとう,もうか,,てつのこぶし,64,78,52,78,52,81,405,
392,392,ゴウカザル,,ほのお,かくとう,もうか,,てつのこぶし,76,104,71,104,71,108,534,
393,393,ポッチャマ,,みず,,げきりゅう,,まけんき,53,51,53,61,56,40,314,
394,394,ポッタイシ,,みず,,げきりゅう,,まけんき,64,66,68,81,76,50,405,
395,395,エンペルト,,みず,はがね,げきりゅう,,まけんき,84,86,88,111,101,60,530,0011000001101000011110000111100110001000100010100110100111101000
396,396,ムックル,,ノーマル,ひこう,するどいめ,,すてみ,40,55,30,30,30,60,245,
397,397,ムクバード,,ノーマル,ひこう,いかく,,すてみ,55,75,50,40,40,80,340,
398,398,ムクホーク,,ノーマル,ひこう,いかく,,すてみ,85,120,70,50,60,100,485,
399,399,ビッパ,,ノーマル,,たんじゅん, てんねん,ムラっけ,59,45,40,35,40,31,250,
400,400,ビーダル,,ノーマル,みず,たんじゅん, てんねん,ムラっけ,79,85,60,55,60,71,410,
401,401,コロボーシ,,むし,,だっぴ,,にげあし,37,25,41,25,41,25,194,
402,402,コロトック,,むし,,むしのしらせ,,テクニシャン,77,85,51,55,51,65,384,
403,403,コリンク,,でんき,,とうそうしん, いかく,こんじょう,45,65,34,40,34,45,263,
404,404,ルクシオ,,でんき,,とうそうしん, いかく,こんじょう,60,85,49,60,49,60,363,
405,405,レントラー,,でんき,,とうそうしん, いかく,こんじょう,80,120,79,95,79,70,523,
406,406,スボミー,,くさ,どく,しぜんかいふく, どくのトゲ,リーフガード,40,30,35,50,70,55,280,
407,407,ロズレイド,,くさ,どく,しぜんかいふく, どくのトゲ,テクニシャン,60,70,65,125,105,90,515,
408,408,ズガイドス,,いわ,,かたやぶり,,ちからずく,67,125,40,30,30,58,350,
409,409,ラムパルド,,いわ,,かたやぶり,,ちからずく,97,165,60,65,50,58,495,
410,410,タテトプス,,いわ,はがね,がんじょう,,ぼうおん,30,42,118,42,88,30,350,
411,411,トリデプス,,いわ,はがね,がんじょう,,ぼうおん,60,52,168,47,138,30,495,
412,412,ミノムッチ,,むし,,だっぴ,,ぼうじん,40,29,45,29,45,36,224,
413,413,ミノマダム草,,むし,くさ,きけんよち,,ぼうじん,60,59,85,79,105,36,424,
414,414,ガーメイル,,むし,ひこう,むしのしらせ,,いろめがね,70,94,50,94,50,66,424,
415,415,ミツハニー,,むし,ひこう,みつあつめ,,はりきり,30,30,42,30,42,70,244,
416,416,ビークイン,,むし,ひこう,プレッシャー,,きんちょうかん,70,80,102,80,102,40,474,
417,417,パチリス,,でんき,,にげあし, ものひろい,ちくでん,60,45,70,45,90,95,405,
418,418,ブイゼル,,みず,,すいすい,,みずのベール,55,65,35,60,30,85,330,
419,419,フローゼル,,みず,,すいすい,,みずのベール,85,105,55,85,50,115,495,
420,420,チェリンボ,,くさ,,ようりょくそ,,,45,35,45,62,53,35,275,
421,421,チェリム,,くさ,,フラワーギフト,,,70,60,70,87,78,85,450,
422,422,カラナクシ,,みず,,ねんちゃく, よびみず,すなのちから,76,48,48,57,62,34,325,
423,423,トリトドン,,みず,じめん,ねんちゃく, よびみず,すなのちから,111,83,68,92,82,39,475,
424,424,エテボース,,ノーマル,,テクニシャン, ものひろい,スキルリンク,75,100,66,60,66,115,482,
425,425,フワンテ,,ゴースト,ひこう,ゆうばく, かるわざ,ねつぼうそう,90,50,34,60,44,70,348,
426,426,フワライド,,ゴースト,ひこう,ゆうばく, かるわざ,ねつぼうそう,150,80,44,90,54,80,498,
427,427,ミミロル,,ノーマル,,にげあし, ぶきよう,じゅうなん,55,66,44,44,56,85,350,
428,428,ミミロップ,,ノーマル,,メロメロボディ, ぶきよう,じゅうなん,65,76,84,54,96,105,480,
429,429,ムウマージ,,ゴースト,,ふゆう,,,60,60,60,105,105,105,495,
430,430,ドンカラス,,あく,ひこう,ふみん, きょううん,じしんかじょう,100,125,52,105,52,71,505,
431,431,ニャルマー,,ノーマル,,じゅうなん, マイペース,するどいめ,49,55,42,42,37,85,310,
432,432,ブニャット,,ノーマル,,あついしぼう, マイペース,まけんき,71,82,64,64,59,112,452,
433,433,リーシャン,,エスパー,,ふゆう,,,45,30,50,65,50,45,285,
434,434,スカンプー,,どく,あく,あくしゅう, ゆうばく,するどいめ,63,63,47,41,41,74,329,
435,435,スカタンク,,どく,あく,あくしゅう, ゆうばく,するどいめ,103,93,67,71,61,84,479,
436,436,ドーミラー,,はがね,エスパー,ふゆう, たいねつ,ヘヴィメタル,57,24,86,24,86,23,300,
437,437,ドータクン,,はがね,エスパー,ふゆう, たいねつ,ヘヴィメタル,67,89,116,79,116,33,500,
438,438,ウソハチ,,いわ,,がんじょう, いしあたま,びびり,50,80,95,10,45,10,290,
439,439,マネネ,,エスパー,フェアリー,ぼうおん, フィルター,テクニシャン,20,25,45,70,90,60,310,
440,440,ピンプク,,ノーマル,,しぜんかいふく, てんのめぐみ,フレンドガード,100,5,5,15,65,30,220,
441,441,ペラップ,,ノーマル,ひこう,するどいめ, ちどりあし,はとむね,76,65,45,92,42,91,411,
442,442,ミカルゲ,,ゴースト,あく,プレッシャー,,すりぬけ,50,92,108,92,108,35,485,
443,443,フカマル,,ドラゴン,じめん,すながくれ,,さめはだ,58,70,45,40,45,42,300,
444,444,ガバイト,,ドラゴン,じめん,すながくれ,,さめはだ,68,90,65,50,55,82,410,
445,445,ガブリアス,,ドラゴン,じめん,すながくれ,,さめはだ,108,130,95,80,85,102,600,0000000000010100011100110011010011111100011100000011100000001000
446,446,ゴンベ,,ノーマル,,ものひろい, あついしぼう,くいしんぼう,135,85,40,40,85,5,390,
447,447,リオル,,かくとう,,ふくつのこころ, せいしんりょく,いたずらごころ,40,70,40,35,40,60,285,
448,448,ルカリオ,,かくとう,はがね,ふくつのこころ, せいしんりょく,せいぎのこころ,70,110,70,115,70,90,525,0110000001110000110110001101001010011000110010001101100010011100
449,449,ヒポポタス,,じめん,,すなおこし,,すなのちから,68,72,78,38,42,32,330,
450,450,カバルドン,,じめん,,すなおこし,,すなのちから,108,112,118,68,72,47,525,
451,451,スコルピ,,どく,むし,カブトアーマー, スナイパー,するどいめ,40,50,90,30,55,65,330,
452,452,ドラピオン,,どく,あく,カブトアーマー, スナイパー,するどいめ,70,90,110,60,75,95,500,
453,453,グレッグル,,どく,かくとう,きけんよち, かんそうはだ,どくしゅ,48,61,40,61,40,50,300,
454,454,ドクロッグ,,どく,かくとう,きけんよち, かんそうはだ,どくしゅ,83,106,65,86,65,85,490,
455,455,マスキッパ,,くさ,,ふゆう,,,74,100,72,90,72,46,454,
456,456,ケイコウオ,,みず,,すいすい, よびみず,みずのベール,49,49,56,49,61,66,330,
457,457,ネオラント,,みず,,すいすい, よびみず,みずのベール,69,69,76,69,86,91,460,
458,458,タマンタ,,みず,ひこう,すいすい, ちょすい,みずのベール,45,20,50,60,120,50,345,
459,459,ユキカブリ,,くさ,こおり,ゆきふらし,,ぼうおん,60,62,50,62,60,40,334,
460,460,ユキノオー,,くさ,こおり,ゆきふらし,,ぼうおん,90,92,75,92,85,60,494,
461,461,マニューラ,,あく,こおり,プレッシャー,,わるいてぐせ,70,120,65,45,85,125,510,1111000111010100110110001101100011111000101110100110101011001001
462,462,ジバコイル,,でんき,はがね,じりょく, がんじょう,アナライズ,70,70,115,130,90,60,535,0001000001010010110011101010110110001100100111001001100001001101
463,463,ベロベルト,,ノーマル,,マイペース, どんかん,ノーてんき,110,85,95,80,95,50,515,
464,464,ドサイドン,,じめん,いわ,ひらいしん, ハードロック,すてみ,115,140,130,55,55,40,535,
465,465,モジャンボ,,くさ,,ようりょくそ, リーフガード,さいせいりょく,100,100,125,110,50,50,535,
466,466,エレキブル,,でんき,,でんきエンジン,,やるき,75,123,67,95,85,95,540,
467,467,ブーバーン,,ほのお,,ほのおのからだ,,やるき,75,95,67,125,95,83,540,
468,468,トゲキッス,,フェアリー,ひこう,はりきり, てんのめぐみ,きょううん,85,50,95,120,115,80,545,
469,469,メガヤンマ,,むし,ひこう,かそく, いろめがね,おみとおし,86,76,86,116,56,95,515,
470,470,リーフィア,,くさ,,リーフガード,,ようりょくそ,65,110,130,60,65,95,525,
471,471,グレイシア,,こおり,,ゆきがくれ,,アイスボディ,65,60,110,130,95,65,525,
472,472,グライオン,,じめん,ひこう,かいりきバサミ, すながくれ,ポイズンヒール,75,95,125,45,75,95,510,0000000001101000111010001110101001111100001110100011000000110100
473,473,マンムー,,こおり,じめん,どんかん, ゆきがくれ,あついしぼう,110,130,80,70,60,80,530,
474,474,ポリゴンＺ,,ノーマル,,てきおうりょく, ダウンロード,アナライズ,85,80,70,135,75,90,535,
475,475,エルレイド,,エスパー,かくとう,ふくつのこころ,,せいぎのこころ,68,125,65,65,115,80,518,0010000001110000011000001111000011100000110011000100110001001100
476,476,ダイノーズ,,いわ,はがね,がんじょう, じりょく,すなのちから,60,55,145,75,150,40,525,
477,477,ヨノワール,,ゴースト,,プレッシャー,,おみとおし,45,100,135,65,135,45,525,0000000000000000000100001011100011001000110101000001100000011000
478,478,ユキメノコ,,こおり,ゴースト,ゆきがくれ,,のろわれボディ,70,80,70,80,70,110,480,
479,479,ロトム,,でんき,ゴースト,ふゆう,,,50,50,77,95,77,91,440,
479w,479,ロトム,ウォッシュ,でんき,みず,ふゆう,,,50,65,107,105,107,86,520,0000000000000000000000000001000000110000011100001111000010011010
479h,479,ロトム,ヒート,でんき,ほのお,ふゆう,,,50,65,107,105,107,86,520,
479f,479,ロトム,フロスト,でんき,こおり,ふゆう,,,50,65,107,105,107,86,520,0111010000100001110101001100100011101000111010010110100001110000
479s,479,ロトム,スピン,でんき,ひこう,ふゆう,,,50,65,107,105,107,86,520,
479c,479,ロトム,カット,でんき,くさ,ふゆう,,,50,65,107,105,107,86,520,
480,480,ユクシー,,エスパー,,ふゆう,,,75,75,130,75,130,95,580,
481,481,エムリット,,エスパー,,ふゆう,,,80,105,105,105,105,80,580,
482,482,アグノム,,エスパー,,ふゆう,,,75,125,70,125,70,115,580,
483,483,ディアルガ,,はがね,ドラゴン,プレッシャー,,テレパシー,100,120,120,150,100,90,680,
484,484,パルキア,,みず,ドラゴン,プレッシャー,,テレパシー,90,120,100,150,120,100,680,
485,485,ヒードラン,,ほのお,はがね,もらいび,,ほのおのからだ,91,90,106,130,106,77,600,1111010011011100111101001101010010110000100111100001110000011000
486,486,レジギガス,,ノーマル,,スロースタート,,,110,160,110,80,110,100,670,
487,487,ギラティナ,アナザーフォルム,ゴースト,ドラゴン,プレッシャー,,テレパシー,150,100,120,100,120,90,680,
487o,487,ギラティナ,オリジンフォルム,ゴースト,ドラゴン,ふゆう,,,150,120,100,120,100,90,680,
488,488,クレセリア,,エスパー,,ふゆう,,,120,70,120,75,130,85,600,0010110000100001011011000110010001110100011011011101000000110010
489,489,フィオネ,,みず,,うるおいボディ,,,80,80,80,80,80,80,480,
490,490,マナフィ,,みず,,うるおいボディ,,,100,100,100,100,100,100,600,
491,491,ダークライ,,あく,,ナイトメア,,,70,90,90,135,90,125,600,
492,492,シェイミL,,くさ,,しぜんかいふく,,,100,100,100,100,100,100,600,
493,493,アルセウス,,ノーマル,,マルチタイプ,,,120,120,120,120,120,120,720,
494,494,ビクティニ,,エスパー,ほのお,しょうりのほし,,,100,100,100,100,100,100,600,
495,495,ツタージャ,,くさ,,しんりょく,,あまのじゃく,45,45,55,45,55,63,308,
496,496,ジャノビー,,くさ,,しんりょく,,あまのじゃく,60,60,75,60,75,83,413,
497,497,ジャローダ,,くさ,,しんりょく,,あまのじゃく,75,75,95,75,95,113,528,
498,498,ポカブ,,ほのお,,もうか,,あついしぼう,65,63,45,45,45,45,308,
499,499,チャオブー,,ほのお,かくとう,もうか,,あついしぼう,90,93,55,70,55,55,418,
500,500,エンブオー,,ほのお,かくとう,もうか,,すてみ,110,123,65,100,65,65,528,
501,501,ミジュマル,,みず,,げきりゅう,,シェルアーマー,55,55,45,63,45,45,308,
502,502,フタチマル,,みず,,げきりゅう,,シェルアーマー,75,75,60,83,60,60,413,
503,503,ダイケンキ,,みず,,げきりゅう,,シェルアーマー,95,100,85,108,70,70,528,
503h,503,ダイケンキ,ヒスイのすがた,みず,あく,げきりゅう,,きれあじ,90,108,80,100,65,85,528,
504,504,ミネズミ,,ノーマル,,にげあし, するどいめ,アナライズ,45,55,39,35,39,42,255,
505,505,ミルホッグ,,ノーマル,,はっこう, するどいめ,アナライズ,60,85,69,60,69,77,420,
506,506,ヨーテリー,,ノーマル,,やるき, ものひろい,にげあし,45,60,45,25,45,55,275,
507,507,ハーデリア,,ノーマル,,いかく, すなかき,きもったま,65,80,65,35,65,60,370,
508,508,ムーランド,,ノーマル,,いかく, すなかき,きもったま,85,110,90,45,90,80,500,
509,509,チョロネコ,,あく,,じゅうなん, かるわざ,いたずらごころ,41,50,37,50,37,66,281,
510,510,レパルダス,,あく,,じゅうなん, かるわざ,いたずらごころ,64,88,50,88,50,106,446,
511,511,ヤナップ,,くさ,,くいしんぼう,,しんりょく,50,53,48,53,48,64,316,
512,512,ヤナッキー,,くさ,,くいしんぼう,,しんりょく,75,98,63,98,63,101,498,
513,513,バオップ,,ほのお,,くいしんぼう,,もうか,50,53,48,53,48,64,316,
514,514,バオッキー,,ほのお,,くいしんぼう,,もうか,75,98,63,98,63,101,498,
515,515,ヒヤップ,,みず,,くいしんぼう,,げきりゅう,50,53,48,53,48,64,316,
516,516,ヒヤッキー,,みず,,くいしんぼう,,げきりゅう,75,98,63,98,63,101,498,
517,517,ムンナ,,エスパー,,よちむ, シンクロ,テレパシー,76,25,45,67,55,24,292,
518,518,ムシャーナ,,エスパー,,よちむ, シンクロ,テレパシー,116,55,85,107,95,29,487,
519,519,マメパト,,ノーマル,ひこう,はとむね, きょううん,とうそうしん,50,55,50,36,30,43,264,
520,520,ハトーボー,,ノーマル,ひこう,はとむね, きょううん,とうそうしん,62,77,62,50,42,65,358,
521,521,ケンホロウ,,ノーマル,ひこう,はとむね, きょううん,とうそうしん,80,115,80,65,55,93,488,
522,522,シママ,,でんき,,ひらいしん, でんきエンジン,そうしょく,45,60,32,50,32,76,295,
523,523,ゼブライカ,,でんき,,ひらいしん, でんきエンジン,そうしょく,75,100,63,80,63,116,497,
524,524,ダンゴロ,,いわ,,がんじょう, くだけるよろい,すなのちから,55,75,85,25,25,15,280,
525,525,ガントル,,いわ,,がんじょう, くだけるよろい,すなのちから,70,105,105,50,40,20,390,
526,526,ギガイアス,,いわ,,がんじょう, すなおこし,すなのちから,85,135,130,60,80,25,515,
527,527,コロモリ,,エスパー,ひこう,てんねん, ぶきよう,たんじゅん,65,45,43,55,43,72,323,
528,528,ココロモリ,,エスパー,ひこう,てんねん, ぶきよう,たんじゅん,67,57,55,77,55,114,425,
529,529,モグリュー,,じめん,,すなかき, すなのちから,かたやぶり,60,85,40,30,45,68,328,
530,530,ドリュウズ,,じめん,はがね,すなかき, すなのちから,かたやぶり,110,135,60,50,65,88,508,0110000001110000010100000111000011001000101010000100000101011001
531,531,タブンネ,,ノーマル,,いやしのこころ, さいせいりょく,ぶきよう,103,60,86,60,86,50,445,
532,532,ドッコラー,,かくとう,,こんじょう, ちからずく,てつのこぶし,75,80,55,25,35,35,305,
533,533,ドテッコツ,,かくとう,,こんじょう, ちからずく,てつのこぶし,85,105,85,40,50,40,405,
534,534,ローブシン,,かくとう,,こんじょう, ちからずく,てつのこぶし,105,140,95,55,65,45,505,
535,535,オタマロ,,みず,,すいすい, うるおいボディ,ちょすい,50,50,40,50,40,64,294,
536,536,ガマガル,,みず,じめん,すいすい, うるおいボディ,ちょすい,75,65,55,65,55,69,384,
537,537,ガマゲロゲ,,みず,じめん,すいすい, どくしゅ,ちょすい,105,95,75,85,75,74,509,
538,538,ナゲキ,,かくとう,,こんじょう, せいしんりょく,かたやぶり,120,100,85,30,85,45,465,
539,539,ダゲキ,,かくとう,,がんじょう, せいしんりょく,かたやぶり,75,125,75,30,75,85,465,
540,540,クルミル,,むし,くさ,むしのしらせ, ようりょくそ,ぼうじん,45,53,70,40,60,42,310,
541,541,クルマユ,,むし,くさ,リーフガード, ようりょくそ,ぼうじん,55,63,90,50,80,42,380,
542,542,ハハコモリ,,むし,くさ,むしのしらせ, ようりょくそ,ぼうじん,75,103,80,70,80,92,500,0000000000110000001100000011000000110010001100000001000000010000
543,543,フシデ,,むし,どく,どくのトゲ, むしのしらせ,かそく,30,45,59,30,39,57,260,
544,544,ホイーガ,,むし,どく,どくのトゲ, むしのしらせ,かそく,40,55,99,40,79,47,360,
545,545,ペンドラー,,むし,どく,どくのトゲ, むしのしらせ,かそく,60,100,89,55,69,112,485,
546,546,モンメン,,くさ,フェアリー,いたずらごころ, すりぬけ,ようりょくそ,40,27,60,37,50,66,280,
547,547,エルフーン,,くさ,フェアリー,いたずらごころ, すりぬけ,ようりょくそ,60,67,85,77,75,116,480,
548,548,チュリネ,,くさ,,ようりょくそ, マイペース,リーフガード,45,35,50,70,50,30,280,
549,549,ドレディア,,くさ,,ようりょくそ, マイペース,リーフガード,70,60,75,110,75,90,480,
550,550,バスラオ赤,,みず,,すてみ, てきおうりょく,かたやぶり,70,92,65,80,55,98,460,
551,551,メグロコ,,じめん,あく,いかく, じしんかじょう,いかりのつぼ,50,72,35,35,35,65,292,
552,552,ワルビル,,じめん,あく,いかく, じしんかじょう,いかりのつぼ,60,82,45,45,45,74,351,
553,553,ワルビアル,,じめん,あく,いかく, じしんかじょう,いかりのつぼ,95,117,80,65,70,92,519,
554,554,ダルマッカ,,ほのお,,はりきり,,せいしんりょく,70,90,45,15,45,50,315,
555,555,ヒヒダルマN,,ほのお,,ちからずく,,ダルマモード,105,140,55,30,55,95,480,
556,556,マラカッチ,,くさ,,ちょすい, ようりょくそ,よびみず,75,86,67,106,67,60,461,
557,557,イシズマイ,,むし,いわ,がんじょう, シェルアーマー,くだけるよろい,50,65,85,35,35,55,325,
558,558,イワパレス,,むし,いわ,がんじょう, シェルアーマー,くだけるよろい,70,105,125,65,75,45,485,
559,559,ズルッグ,,あく,かくとう,だっぴ, じしんかじょう,いかく,50,75,70,35,70,48,348,
560,560,ズルズキン,,あく,かくとう,だっぴ, じしんかじょう,いかく,65,90,115,45,115,58,488,
561,561,シンボラー,,エスパー,ひこう,ミラクルスキン, マジックガード,いろめがね,72,58,80,103,80,97,490,
562,562,デスマス,,ゴースト,,ミイラ,,,38,30,85,55,65,30,303,
562g,562,デスマス,ガラルのすがた,ゴースト,,さまようたましい,,,38,55,85,30,65,30,303,
563,563,デスカーン,,ゴースト,,ミイラ,,,58,50,145,95,105,30,483,
564,564,プロトーガ,,みず,いわ,ハードロック, がんじょう,すいすい,54,78,103,53,45,22,355,
565,565,アバゴーラ,,みず,いわ,ハードロック, がんじょう,すいすい,74,108,133,83,65,32,495,
566,566,アーケン,,いわ,ひこう,よわき,,,55,112,45,74,45,70,401,
567,567,アーケオス,,いわ,ひこう,よわき,,,75,140,65,112,65,110,567,
568,568,ヤブクロン,,どく,,あくしゅう, ねんちゃく,ゆうばく,50,50,62,40,62,65,329,
569,569,ダストダス,,どく,,あくしゅう, くだけるよろい,ゆうばく,80,95,82,60,82,75,474,
570,570,ゾロア,,あく,,イリュージョン,,,40,65,40,80,40,65,330,
571,571,ゾロアーク,,あく,,イリュージョン,,,60,105,60,120,60,105,510,1110100011001000101100001101000000110100111010001100110010000110
572,572,チラーミィ,,ノーマル,,メロメロボディ, テクニシャン,スキルリンク,55,50,40,40,40,75,300,
573,573,チラチーノ,,ノーマル,,メロメロボディ, テクニシャン,スキルリンク,75,95,60,65,60,115,470,1101010010011010100110101001100111010001010100101111010011010000
574,574,ゴチム,,エスパー,,おみとおし, かちき,かげふみ,45,30,50,55,65,45,290,
575,575,ゴチミル,,エスパー,,おみとおし, かちき,かげふみ,60,45,70,75,85,55,390,
576,576,ゴチルゼル,,エスパー,,おみとおし, かちき,かげふみ,70,55,95,95,110,65,490,
577,577,ユニラン,,エスパー,,ぼうじん, マジックガード,さいせいりょく,45,30,40,105,50,20,290,
578,578,ダブラン,,エスパー,,ぼうじん, マジックガード,さいせいりょく,65,40,50,125,60,30,370,
579,579,ランクルス,,エスパー,,ぼうじん, マジックガード,さいせいりょく,110,65,75,125,85,30,490,
580,580,コアルヒー,,みず,ひこう,するどいめ, はとむね,うるおいボディ,62,44,50,44,50,55,305,
581,581,スワンナ,,みず,ひこう,するどいめ, はとむね,うるおいボディ,75,87,63,87,63,98,473,
582,582,バニプッチ,,こおり,,アイスボディ, ゆきがくれ,くだけるよろい,36,50,50,65,60,44,305,
583,583,バニリッチ,,こおり,,アイスボディ, ゆきがくれ,くだけるよろい,51,65,65,80,75,59,395,
584,584,バイバニラ,,こおり,,アイスボディ, ゆきふらし,くだけるよろい,71,95,85,110,95,79,535,
585,585,シキジカ,,ノーマル,むし,ようりょくそ, そうしょく,てんのめぐみ,60,60,50,40,50,75,335,
586,586,メブキジカ,,ノーマル,むし,ようりょくそ, そうしょく,てんのめぐみ,80,100,70,60,70,95,475,
587,587,エモンガ,,でんき,ひこう,せいでんき,,でんきエンジン,55,75,60,75,60,103,428,
588,588,カブルモ,,むし,,むしのしらせ, だっぴ,ノーガード,50,75,45,40,45,60,315,
589,589,シュバルゴ,,むし,はがね,むしのしらせ, シェルアーマー,ぼうじん,70,135,105,60,105,20,495,
590,590,タマゲタケ,,くさ,どく,ほうし,,さいせいりょく,69,55,45,55,55,15,294,
591,591,モロバレル,,くさ,どく,ほうし,,さいせいりょく,114,85,70,85,80,30,464,1101000011101000101010101100101111001111100010011000110010011010
592,592,プルリル,,みず,ゴースト,ちょすい, のろわれボディ,しめりけ,55,40,50,65,85,40,335,
593,593,ブルンゲル,,みず,ゴースト,ちょすい, のろわれボディ,しめりけ,100,60,70,85,105,60,480,
594,594,ママンボウ,,みず,,いやしのこころ, うるおいボディ,さいせいりょく,165,75,80,40,45,65,470,0011010101101111111001100011101101111111100011100110101100111010
595,595,バチュル,,むし,でんき,ふくがん, きんちょうかん,むしのしらせ,50,47,50,57,50,65,319,
596,596,デンチュラ,,むし,でんき,ふくがん, きんちょうかん,むしのしらせ,70,77,60,97,60,108,472,0001101001010110111011101110101001101011001001111001011010110110
597,597,テッシード,,くさ,はがね,てつのトゲ,,てつのトゲ,44,50,91,24,86,10,305,
598,598,ナットレイ,,くさ,はがね,てつのトゲ,,きけんよち,74,94,131,54,116,20,489,
599,599,ギアル,,はがね,,プラス, マイナス,クリアボディ,40,55,70,45,60,30,300,
600,600,ギギアル,,はがね,,プラス, マイナス,クリアボディ,60,80,95,70,85,50,440,
601,601,ギギギアル,,はがね,,プラス, マイナス,クリアボディ,60,100,115,70,85,90,520,
602,602,シビシラス,,でんき,,ふゆう,,,35,55,40,45,40,60,275,
603,603,シビビール,,でんき,,ふゆう,,,65,85,70,75,70,40,405,0000000000000000001000000011000001101010001110000001110000001000
604,604,シビルドン,,でんき,,ふゆう,,,85,115,80,105,80,50,515,0000000000010000011100000110001001101000110110001001100000011010
605,605,リグレー,,エスパー,,テレパシー, シンクロ,アナライズ,55,55,55,85,55,30,335,
606,606,オーベム,,エスパー,,テレパシー, シンクロ,アナライズ,75,75,75,125,95,40,485,
607,607,ヒトモシ,,ゴースト,ほのお,もらいび, ほのおのからだ,すりぬけ,50,30,55,65,55,20,275,
608,608,ランプラー,,ゴースト,ほのお,もらいび, ほのおのからだ,すりぬけ,60,40,60,95,60,55,370,
609,609,シャンデラ,,ゴースト,ほのお,もらいび, ほのおのからだ,すりぬけ,60,55,90,145,90,80,520,
610,610,キバゴ,,ドラゴン,,とうそうしん, かたやぶり,きんちょうかん,46,87,60,30,40,57,320,
611,611,オノンド,,ドラゴン,,とうそうしん, かたやぶり,きんちょうかん,66,117,70,40,50,67,410,
612,612,オノノクス,,ドラゴン,,とうそうしん, かたやぶり,きんちょうかん,76,147,90,60,70,97,540,
613,613,クマシュン,,こおり,,ゆきがくれ, ゆきかき,びびり,55,70,40,60,40,40,305,
614,614,ツンベアー,,こおり,,ゆきがくれ, ゆきかき,びびり,95,130,80,70,80,50,505,
615,615,フリージオ,,こおり,,ふゆう,,,80,50,50,95,135,105,515,0000000000000000000010000011000001101000011010010111000100110000
616,616,チョボマキ,,むし,,うるおいボディ, シェルアーマー,ぼうじん,50,40,85,40,65,25,305,
617,617,アギルダー,,むし,,うるおいボディ, ねんちゃく,かるわざ,80,70,40,100,60,145,495,
618,618,マッギョ,,じめん,でんき,せいでんき, じゅうなん,すながくれ,109,66,84,81,99,32,471,
619,619,コジョフー,,かくとう,,せいしんりょく, さいせいりょく,すてみ,45,85,50,55,50,65,350,
620,620,コジョンド,,かくとう,,せいしんりょく, さいせいりょく,すてみ,65,125,60,95,60,105,510,0000000000000000000100100011000001111000011100000101100001001000
621,621,クリムガン,,ドラゴン,,さめはだ, ちからずく,かたやぶり,77,120,90,60,90,48,485,
622,622,ゴビット,,じめん,ゴースト,てつのこぶし, ぶきよう,ノーガード,59,74,50,35,50,35,303,
623,623,ゴルーグ,,じめん,ゴースト,てつのこぶし, ぶきよう,ノーガード,89,124,80,55,80,55,483,
624,624,コマタナ,,あく,はがね,まけんき, せいしんりょく,プレッシャー,45,85,70,40,40,60,340,
625,625,キリキザン,,あく,はがね,まけんき, せいしんりょく,プレッシャー,65,125,100,60,70,70,490,
626,626,バッフロン,,ノーマル,,すてみ, そうしょく,ぼうおん,95,110,95,40,95,55,490,
627,627,ワシボン,,ノーマル,ひこう,するどいめ, ちからずく,はりきり,70,83,50,37,50,60,350,
628,628,ウォーグル,,ノーマル,ひこう,するどいめ, ちからずく,まけんき,100,123,75,57,75,80,510,
629,629,バルチャイ,,あく,ひこう,はとむね, ぼうじん,くだけるよろい,70,55,75,45,65,60,370,
630,630,バルジーナ,,あく,ひこう,はとむね, ぼうじん,くだけるよろい,110,65,105,55,95,80,510,
631,631,クイタラン,,ほのお,,くいしんぼう, もらいび,しろいけむり,85,97,66,105,66,65,484,
632,632,アイアント,,むし,はがね,むしのしらせ, はりきり,なまけ,58,109,112,48,48,109,484,
633,633,モノズ,,あく,ドラゴン,はりきり,,,52,65,50,45,50,38,300,
634,634,ジヘッド,,あく,ドラゴン,はりきり,,,72,85,70,65,70,58,420,
635,635,サザンドラ,,あく,ドラゴン,ふゆう,,,92,105,90,125,90,98,600,
636,636,メラルバ,,むし,ほのお,ほのおのからだ,,むしのしらせ,55,85,55,50,55,60,360,
637,637,ウルガモス,,むし,ほのお,ほのおのからだ,,むしのしらせ,85,60,65,135,105,100,550,1001110010011000100010001001010001010000001110001000100000000000
638,638,コバルオン,,はがね,かくとう,せいぎのこころ,,,91,90,129,90,72,108,580,
639,639,テラキオン,,いわ,かくとう,せいぎのこころ,,,91,129,90,72,90,108,580,
640,640,ビリジオン,,くさ,かくとう,せいぎのこころ,,,91,90,72,90,129,108,580,
641,641,トルネロス,けしんフォルム,ひこう,,いたずらごころ,,まけんき,79,115,70,125,80,111,580,
641a,641,トルネロス,れいじゅうフォルム,ひこう,さいせいりょく,,,,79,100,80,110,90,121,580,
642,642,ボルトロス,けしんフォルム,でんき,ひこう,いたずらごころ,,まけんき,79,115,70,125,80,111,580,0111010001010100110000000100001001000000111110000110001001100001
642a,642,ボルトロス,れいじゅうフォルム,でんき,ひこう,,,,79,105,70,145,80,101,580,
643,643,レシラム,,ドラゴン,ほのお,ターボブレイズ,,,100,120,100,150,120,90,680,
644,644,ゼクロム,,ドラゴン,でんき,テラボルテージ,,,100,150,120,120,100,90,680,
645,645,ランドロス,けしんフォルム,じめん,ひこう,すなのちから,,ちからずく,89,125,90,115,80,101,600,
645a,645,ランドロス,れいじゅうフォルム,じめん,ひこう,いかく,,,89,145,90,105,80,91,100,0001110001011100110010101001011010011010100100101110010010110000
646,646,キュレム,,ドラゴン,こおり,プレッシャー,,,125,130,90,130,90,95,660,
647,647,ケルディオ,,みず,かくとう,せいぎのこころ,,,91,72,90,129,90,108,580,
648,648,メロエッタＶ,,ノーマル,エスパー,てんのめぐみ,,,100,77,77,128,128,90,600,
649,649,ゲノセクト,,むし,はがね,ダウンロード,,,71,120,95,120,95,99,600,
650,650,ハリマロン,,くさ,,しんりょく,,ぼうだん,56,61,65,48,45,38,313,
651,651,ハリボーグ,,くさ,,しんりょく,,ぼうだん,61,78,95,56,58,57,405,
652,652,ブリガロン,,くさ,かくとう,しんりょく,,ぼうだん,88,107,122,74,75,64,530,
653,653,フォッコ,,ほのお,,もうか,,マジシャン,40,45,40,62,60,60,307,
654,654,テールナー,,ほのお,,もうか,,マジシャン,59,59,58,90,70,73,409,
655,655,マフォクシー,,ほのお,エスパー,もうか,,マジシャン,75,69,72,114,100,104,534,
656,656,ケロマツ,,みず,,げきりゅう,,へんげんじざい,41,56,40,62,44,71,314,
657,657,ゲコガシラ,,みず,,げきりゅう,,へんげんじざい,54,63,52,83,56,97,405,
658,658,ゲッコウガ,,みず,あく,げきりゅう,,へんげんじざい,72,95,67,103,71,122,530,0101100011100001111010110110000111100000100100101101100010000110
659,659,ホルビー,,ノーマル,,ものひろい, ほおぶくろ,ちからもち,38,36,38,32,36,57,237,
660,660,ホルード,,ノーマル,じめん,ものひろい, ほおぶくろ,ちからもち,85,56,77,50,77,78,423,
661,661,ヤヤコマ,,ノーマル,ひこう,はとむね,,はやてのつばさ,45,50,43,40,38,62,278,
662,662,ヒノヤコマ,,ほのお,ひこう,ほのおのからだ,,はやてのつばさ,62,73,55,56,52,84,382,
663,663,ファイアロー,,ほのお,ひこう,ほのおのからだ,,はやてのつばさ,78,81,71,74,69,126,499,0000000000000000001100000011001000111000001111000011101000111000
664,664,コフキムシ,,むし,,りんぷん, ふくがん,フレンドガード,38,35,40,27,25,35,200,
665,665,コフーライ,,むし,,だっぴ,,フレンドガード,45,22,60,27,30,29,213,
666,666,ビビヨン,,むし,ひこう,りんぷん, ふくがん,フレンドガード,80,52,50,90,50,89,411,
667,667,シシコ,,ほのお,ノーマル,とうそうしん, きんちょうかん,じしんかじょう,62,50,58,73,54,72,369,
668,668,カエンジシ,,ほのお,ノーマル,とうそうしん, きんちょうかん,じしんかじょう,86,68,72,109,66,106,507,
669,669,フラベベ,,フェアリー,,フラワーベール,,きょうせい,44,38,39,61,79,42,303,
670,670,フラエッテ,,フェアリー,,フラワーベール,,きょうせい,54,45,47,75,98,52,371,
671,671,フラージェス,,フェアリー,,フラワーベール,,きょうせい,78,65,68,112,154,75,552,
672,672,メェークル,,くさ,,そうしょく,,くさのけがわ,66,65,48,62,57,52,350,
673,673,ゴーゴート,,くさ,,そうしょく,,くさのけがわ,123,100,62,97,81,68,531,
674,674,ヤンチャム,,かくとう,,てつのこぶし, かたやぶり,きもったま,67,82,62,46,48,43,348,
675,675,ゴロンダ,,かくとう,あく,てつのこぶし, かたやぶり,きもったま,95,124,78,69,71,58,495,
676,676,トリミアン,,ノーマル,,ファーコート,,,75,80,60,65,90,102,472,
677,677,ニャスパー,,エスパー,,するどいめ, すりぬけ,マイペース,62,48,54,63,60,68,355,
678,678,ニャオニクス♂,,エスパー,,するどいめ, すりぬけ,いたずらごころ,74,48,76,83,81,104,466,
679,679,ヒトツキ,,はがね,ゴースト,ノーガード,,,45,80,100,35,37,28,325,
680,680,ニダンギル,,はがね,ゴースト,ノーガード,,,59,110,150,45,49,35,448,
681,681,ギルガルド盾,,はがね,ゴースト,バトルスイッチ,,,60,50,150,50,150,60,520,
682,682,シュシュプ,,フェアリー,,いやしのこころ,,アロマベール,78,52,60,63,65,23,341,
683,683,フレフワン,,フェアリー,,いやしのこころ,,アロマベール,101,72,72,99,89,29,462,
684,684,ペロッパフ,,フェアリー,,スイートベール,,かるわざ,62,48,66,59,57,49,341,
685,685,ペロリーム,,フェアリー,,スイートベール,,かるわざ,82,80,86,85,75,72,480,
686,686,マーイーカ,,あく,エスパー,あまのじゃく, きゅうばん,すりぬけ,53,54,53,37,46,45,288,
687,687,カラマネロ,,あく,エスパー,あまのじゃく, きゅうばん,すりぬけ,86,92,88,68,75,73,482,
688,688,カメテテ,,いわ,みず,かたいツメ, スナイパー,わるいてぐせ,42,52,67,39,56,50,306,
689,689,ガメノデス,,いわ,みず,かたいツメ, スナイパー,わるいてぐせ,72,105,115,54,86,68,500,
690,690,クズモー,,どく,みず,どくのトゲ, どくしゅ,てきおうりょく,50,60,60,60,60,30,320,
691,691,ドラミドロ,,どく,ドラゴン,どくのトゲ, どくしゅ,てきおうりょく,65,75,90,97,123,44,494,
692,692,ウデッポウ,,みず,,メガランチャー,,,50,53,62,58,63,44,330,
693,693,ブロスター,,みず,,メガランチャー,,,71,73,88,120,89,59,500,
694,694,エリキテル,,でんき,ノーマル,かんそうはだ, すながくれ,サンパワー,44,38,33,61,43,70,289,
695,695,エレザード,,でんき,ノーマル,かんそうはだ, すながくれ,サンパワー,62,55,52,109,94,109,481,
696,696,チゴラス,,いわ,ドラゴン,がんじょうあご,,がんじょう,58,89,77,45,45,48,362,
697,697,ガチゴラス,,いわ,ドラゴン,がんじょうあご,,いしあたま,82,121,119,69,59,71,521,
698,698,アマルス,,いわ,こおり,フリーズスキン,,ゆきふらし,77,59,50,67,63,46,362,
699,699,アマルルガ,,いわ,こおり,フリーズスキン,,ゆきふらし,123,77,72,99,92,58,521,
700,700,ニンフィア,,フェアリー,,メロメロボディ,,フェアリースキン,95,65,65,110,130,60,525,1001110010010100100101011011110010010100110110000111100001100000
701,701,ルチャブル,,かくとう,ひこう,じゅうなん, かるわざ,かたやぶり,78,92,75,74,63,118,500,
702,702,デデンネ,,でんき,フェアリー,ほおぶくろ, ものひろい,プラス,67,58,57,81,67,101,431,
703,703,メレシー,,いわ,フェアリー,クリアボディ,,がんじょう,50,50,150,50,150,50,500,
704,704,ヌメラ,,ドラゴン,,そうしょく, うるおいボディ,ぬめぬめ,45,50,35,55,75,40,300,
705,705,ヌメイル,,ドラゴン,,そうしょく, うるおいボディ,ぬめぬめ,68,75,53,83,113,60,452,
706,706,ヌメルゴン,,ドラゴン,,そうしょく, うるおいボディ,ぬめぬめ,90,100,70,110,150,80,600,
707,707,クレッフィ,,はがね,フェアリー,いたずらごころ,,マジシャン,57,80,91,80,87,75,470,
708,708,ボクレー,,ゴースト,くさ,しぜんかいふく, おみとおし,しゅうかく,43,70,48,50,60,38,309,
709,709,オーロット,,ゴースト,くさ,しぜんかいふく, おみとおし,しゅうかく,85,110,76,65,82,56,474,0110100011110000110101001001100010110100011010000101010001011000
710,710,バケッチャ,,ゴースト,くさ,ものひろい, おみとおし,ふみん,49,66,70,44,55,51,335,
711,711,パンプジン,,ゴースト,くさ,ものひろい, おみとおし,ふみん,65,90,122,58,75,84,494,
712,712,カチコール,,こおり,,マイペース, アイスボディ,がんじょう,55,69,85,32,35,28,304,
713,713,クレベース,,こおり,,マイペース, アイスボディ,がんじょう,95,117,184,44,46,28,514,1111100010100110101101101010011010101010000101000000110000001110
713h,713,クレベース,,こおり,いわ,がんじょうあご,アイスボディ,がんじょう,95,127,184,34,36,38,514,0000000000000000000000000000000000111100011011001110010010110100
714,714,オンバット,,ひこう,ドラゴン,おみとおし, すりぬけ,テレパシー,40,30,35,45,40,55,245,
715,715,オンバーン,,ひこう,ドラゴン,おみとおし, すりぬけ,テレパシー,85,70,80,97,80,123,535,
716,716,ゼルネアス,,フェアリー,,フェアリーオーラ,,,126,131,95,131,98,99,680,
717,717,イベルタル,,あく,ひこう,ダークオーラ,,,126,131,95,131,98,99,680,
718,718,ジガルデ10%,,ドラゴン,じめん,オーラブレイク, スワームチェンジ,,54,100,71,61,85,115,486,
719,719,ディアンシー,,いわ,フェアリー,クリアボディ,,,50,100,150,100,150,50,600,
720,720,フーパ(戒め),,エスパー,ゴースト,マジシャン,,,80,110,60,150,130,70,600,
721,721,ボルケニオン,,ほのお,みず,ちょすい,,,80,110,120,130,90,70,600,
722,722,モクロー,,くさ,ひこう,しんりょく,,えんかく,68,55,55,50,50,42,320,
723,723,フクスロー,,くさ,ひこう,しんりょく,,えんかく,78,75,75,70,70,52,420,
724,724,ジュナイパー,,くさ,ゴースト,しんりょく,,えんかく,78,107,75,100,100,70,530,
724h,724,ジュナイパー,ヒスイのすがた,くさ,かくとう,しんりょく,,きもったま,88,112,80,95,95,60,530,
725,725,ニャビー,,ほのお,,もうか,,いかく,45,65,40,60,40,70,320,
726,726,ニャヒート,,ほのお,,もうか,,いかく,65,85,50,80,50,90,420,
727,727,ガオガエン,,ほのお,あく,もうか,,いかく,95,115,90,80,90,60,530,0111000000110000110001011110001101110000001110000110100001001100
728,728,アシマリ,,みず,,げきりゅう,,うるおいボイス,50,54,54,66,56,40,320,
729,729,オシャマリ,,みず,,げきりゅう,,うるおいボイス,60,69,69,91,81,50,420,
730,730,アシレーヌ,,みず,フェアリー,げきりゅう,,うるおいボイス,80,74,74,126,116,60,530,0011110001101100011110000110100011111000000100001101010111000010
731,731,ツツケラ,,ノーマル,ひこう,するどいめ, スキルリンク,ものひろい,35,75,30,30,30,65,265,
732,732,ケララッパ,,ノーマル,ひこう,するどいめ, スキルリンク,ものひろい,55,85,50,40,50,75,355,
733,733,ドデカバシ,,ノーマル,ひこう,するどいめ, スキルリンク,ちからずく,80,120,75,75,75,60,485,
734,734,ヤングース,,ノーマル,,はりこみ, がんじょうあご,てきおうりょく,48,70,30,30,30,45,253,
735,735,デカグース,,ノーマル,,はりこみ, がんじょうあご,てきおうりょく,88,110,60,55,60,45,418,
736,736,アゴジムシ,,むし,,むしのしらせ,,,47,62,45,55,45,46,300,
737,737,デンヂムシ,,むし,でんき,バッテリー,,,57,82,95,55,75,36,400,
738,738,クワガノン,,むし,でんき,ふゆう,,,77,70,90,145,75,43,500,
739,739,マケンカニ,,かくとう,,かいりきバサミ, てつのこぶし,いかりのつぼ,47,82,57,42,47,63,338,
740,740,ケケンカニ,,かくとう,こおり,かいりきバサミ, てつのこぶし,いかりのつぼ,97,132,77,62,67,43,478,
741m,741,オドリドリ,めらめら,ほのお,ひこう,おどりこ,,,75,70,70,98,70,93,476,
741p,741,オドリドリ,ぱちぱち,でんき,ひこう,おどりこ,,,75,70,70,98,70,93,476,
741h,741,オドリドリ,ふらふら,エスパー,ひこう,おどりこ,,,75,70,70,98,70,93,476,
741m,741,オドリドリ,まいまい,ゴースト,ひこう,おどりこ,,,75,70,70,98,70,93,476,
742,742,アブリー,,むし,フェアリー,みつあつめ, りんぷん,スイートベール,40,45,40,55,40,84,304,
743,743,アブリボン,,むし,フェアリー,みつあつめ, りんぷん,スイートベール,60,55,60,95,70,124,464,
744,744,イワンコ,,いわ,,するどいめ, やるき,ふくつのこころ,45,65,40,30,40,60,280,
745,745,ルガルガン昼,,いわ,,するどいめ, すなかき,ふくつのこころ,75,115,65,55,65,112,487,
746,746,ヨワシ,,みず,,ぎょぐん,,ぎょぐん,45,20,20,25,25,40,175,
747,747,ヒドイデ,,どく,みず,ひとでなし, じゅうなん,さいせいりょく,50,53,62,43,52,45,305,
748,748,ドヒドイデ,,どく,みず,ひとでなし, じゅうなん,さいせいりょく,50,63,152,53,142,35,495,0101100011011000110100001111100011110000111000101110001010001101
749,749,ドロバンコ,,じめん,,マイペース, じきゅうりょく,せいしんりょく,70,100,70,45,55,45,385,
750,750,バンバドロ,,じめん,,マイペース, じきゅうりょく,せいしんりょく,100,125,100,55,85,35,500,
751,751,シズクモ,,みず,むし,すいほう,,ちょすい,38,40,52,40,72,27,269,
752,752,オニシズクモ,,みず,むし,すいほう,,ちょすい,68,70,92,50,132,42,454,1100011011100100110100101110001001010011000000110000001100000010
753,753,カリキリ,,くさ,,リーフガード,,あまのじゃく,40,55,35,50,35,35,250,
754,754,ラランテス,,くさ,,リーフガード,,あまのじゃく,70,105,90,80,90,45,480,
755,755,ネマシュ,,くさ,フェアリー,はっこう, ほうし,あめうけざら,40,35,55,65,75,15,285,
756,756,マシェード,,くさ,フェアリー,はっこう, ほうし,あめうけざら,60,45,80,90,100,30,405,
757,757,ヤトウモリ,,どく,ほのお,ふしょく,,どんかん,48,44,40,71,40,77,320,
758,758,エンニュート,,どく,ほのお,ふしょく,,どんかん,68,64,60,111,60,117,480,
759,759,ヌイコグマ,,ノーマル,かくとう,もふもふ, ぶきよう,メロメロボディ,70,75,50,45,50,50,340,
760,760,キテルグマ,,ノーマル,かくとう,もふもふ, ぶきよう,きんちょうかん,120,125,80,55,60,60,500,
761,761,アマカジ,,くさ,,リーフガード, どんかん,スイートベール,42,30,38,30,38,32,210,
762,762,アママイコ,,くさ,,リーフガード, どんかん,スイートベール,52,40,48,40,48,62,290,
763,763,アマージョ,,くさ,,リーフガード, じょうおうのいげん,スイートベール,72,120,98,50,98,72,510,
764,764,キュワワー,,フェアリー,,フラワーベール, ヒーリングシフト,しぜんかいふく,51,52,90,82,110,100,485,
765,765,ヤレユータン,,ノーマル,エスパー,せいしんりょく, テレパシー,きょうせい,90,60,80,90,110,60,490,
766,766,ナゲツケサル,,かくとう,,レシーバー,,まけんき,100,120,90,40,60,80,490,
767,767,コソクムシ,,むし,みず,にげごし,,,25,35,40,20,30,80,230,
768,768,グソクムシャ,,むし,みず,ききかいひ,,,75,125,140,60,90,40,530,
769,769,スナバァ,,ゴースト,じめん,みずがため,,すながくれ,55,55,80,70,45,15,320,
770,770,シロデスナ,,ゴースト,じめん,みずがため,,すながくれ,85,75,110,100,75,35,480,
771,771,ナマコブシ,,みず,,とびだすなかみ,,てんねん,55,60,130,30,130,5,410,
772,772,タイプ：ヌル,,ノーマル,,カブトアーマー,,,95,95,95,95,95,59,534,
773,773,シルヴァディ,,ノーマル,,ARシステム,,,95,95,95,95,95,95,570,
774,774,メテノ(流星),,いわ,ひこう,リミットシールド,,,60,60,100,60,100,60,440,
775,775,ネッコアラ,,ノーマル,,ぜったいねむり,,,65,115,65,75,95,65,480,
776,776,バクガメス,,ほのお,ドラゴン,シェルアーマー,,,60,78,135,91,85,36,485,
777,777,トゲデマル,,でんき,はがね,てつのトゲ, ひらいしん,がんじょう,65,98,63,40,73,96,435,
778,778,ミミッキュ,,ゴースト,フェアリー,ばけのかわ,,,55,90,80,50,105,96,476,
779,779,ハギギシリ,,みず,エスパー,ビビッドボディ, がんじょうあご,ミラクルスキン,68,105,70,70,70,92,475,
780,780,ジジーロン,,ノーマル,ドラゴン,ぎゃくじょう, そうしょく,ノーてんき,78,60,85,135,91,36,485,
781,781,ダダリン,,ゴースト,くさ,はがねつかい,,,70,131,100,86,90,40,517,
782,782,ジャラコ,,ドラゴン,,ぼうだん, ぼうおん,ぼうじん,45,55,65,45,45,45,300,
783,783,ジャランゴ,,ドラゴン,かくとう,ぼうだん, ぼうおん,ぼうじん,55,75,90,65,70,65,420,
784,784,ジャラランガ,,ドラゴン,かくとう,ぼうだん, ぼうおん,ぼうじん,75,110,125,100,105,85,600,0110001101100110010101101111010011111000101011011010110011001100
785,785,カプ・コケコ,,でんき,フェアリー,エレキメイカー,,テレパシー,70,115,85,95,75,130,570,
786,786,カプ・テテフ,,エスパー,フェアリー,サイコメイカー,,テレパシー,70,85,75,130,115,95,570,
787,787,カプ・ブルル,,くさ,フェアリー,グラスメイカー,,テレパシー,70,130,115,85,95,75,570,
788,788,カプ・レヒレ,,みず,フェアリー,ミストメイカー,,,70,75,115,95,130,85,570,
789,789,コスモッグ,,エスパー,,てんねん,,,43,29,31,29,31,37,200,
790,790,コスモウム,,エスパー,,がんじょう,,,43,29,131,29,131,37,400,
791,791,ソルガレオ,,エスパー,はがね,メタルプロテクト,,,137,137,107,113,89,97,680,
792,792,ルナアーラ,,エスパー,ゴースト,ファントムガード,,,137,113,89,137,107,97,680,1000010010000100100101101001011010010110110011001101010000110100
793,793,ウツロイド,,いわ,どく,ビーストブースト,,,109,53,47,127,131,103,570,
794,794,マッシブーン,,むし,かくとう,ビーストブースト,,,107,139,139,53,53,79,570,
795,795,フェローチェ,,むし,かくとう,ビーストブースト,,,71,137,37,137,37,151,570,
796,796,デンジュモク,,でんき,,ビーストブースト,,,83,89,71,173,71,83,570,
797,797,テッカグヤ,,はがね,ひこう,ビーストブースト,,,97,101,103,107,101,61,570,
798,798,カミツルギ,,くさ,はがね,ビーストブースト,,,59,181,131,59,31,109,570,
799,799,アクジキング,,あく,ドラゴン,ビーストブースト,,,223,101,53,97,53,43,570,
800,800,ネクロズマ,,エスパー,,プリズムアーマー,,,97,107,101,127,89,79,600,
801,801,マギアナ,,はがね,フェアリー,ソウルハート,,,80,95,115,130,115,65,600,
802,802,マーシャドー,,かくとう,ゴースト,テクニシャン,,,90,125,80,90,90,125,600,
803,803,ベベノム,,どく,,ビーストブースト,,,67,73,67,73,67,73,420,
804,804,アーゴヨン,,どく,ドラゴン,ビーストブースト,,,73,73,73,127,73,121,540,
805,805,ツンデツンデ,,いわ,はがね,ビーストブースト,,,61,131,211,53,101,13,570,
806,806,ズカドーン,,ほのお,ゴースト,ビーストブースト,,,53,127,53,151,79,107,570,
807,807,ゼラオラ,,でんき,,ちくでん,,,88,112,75,102,80,143,600,
808,808,メルタン,,はがね,,じりょく,,,46,65,65,55,35,34,300,
809,809,メルメタル,,はがね,,てつのこぶし,,,135,143,143,80,65,34,600,
810,810,サルノリ,,くさ,,しんりょく,,グラスメイカー,50,65,50,40,40,65,310,
811,811,バチンキー,,くさ,,しんりょく,,グラスメイカー,70,85,70,55,60,80,420,
812,812,ゴリランダー,,くさ,,しんりょく,,グラスメイカー,100,125,90,60,70,85,530,
813,813,ヒバニー,,ほのお,,もうか,,リベロ,50,71,40,40,40,69,310,
814,814,ラビフット,,ほのお,,もうか,,リベロ,65,86,60,55,60,94,420,
815,815,エースバーン,,ほのお,,もうか,,リベロ,80,116,75,65,75,119,530,
816,816,メッソン,,みず,,げきりゅう,,スナイパー,50,40,40,70,40,70,310,
817,817,ジメレオン,,みず,,げきりゅう,,スナイパー,65,60,55,95,55,90,420,
818,818,インテレオン,,みず,,げきりゅう,,スナイパー,70,85,65,125,65,120,530,0000000000011000000100000001000000010000000100000011000000010100
819,819,ホシガリス,,ノーマル,,ほおぶくろ,,くいしんぼう,70,55,55,35,35,25,275,
820,820,ヨクバリス,,ノーマル,,ほおぶくろ,,くいしんぼう,120,95,95,55,75,20,460,
821,821,ココガラ,,ひこう,,するどいめ,きんちょうかん,はとむね,38,47,35,33,35,57,245,
822,822,アオガラス,,ひこう,,するどいめ,きんちょうかん,はとむね,68,67,55,43,55,77,365,
823,823,アーマーガア,,ひこう,はがね,プレッシャー,きんちょうかん,ミラーアーマー,98,87,105,53,85,67,495,0110000011110000101010001001000011011010110011001100110011001100
824,824,サッチムシ,,むし,,むしのしらせ,ふくがん,テレパシー,25,20,20,25,45,45,180,
825,825,レドームシ,,むし,エスパー,むしのしらせ,ふくがん,テレパシー,50,35,80,50,90,30,335,
826,826,イオルブ,,むし,エスパー,むしのしらせ,おみとおし,テレパシー,60,45,110,80,120,90,505,
827,827,クスネ,,あく,,にげあし,かるわざ,はりこみ,40,28,28,47,52,50,245,
828,828,フォクスライ,,あく,,にげあし,かるわざ,はりこみ,70,58,58,87,92,90,455,
829,829,ヒメンカ,,くさ,,わたげ,さいせいりょく,ほうし,40,40,60,40,60,10,250,
830,830,ワタシラガ,,くさ,,わたげ,さいせいりょく,ほうし,60,50,90,80,120,60,460,
831,831,ウールー,,ノーマル,,もふもふ,にげあし,ぼうだん,42,40,55,40,45,48,270,
832,832,バイウールー,,ノーマル,,もふもふ,ふくつのこころ,ぼうだん,72,80,100,60,90,88,490,
833,833,カムカメ,,みず,,がんじょうあご,シェルアーマー,すいすい,50,64,50,38,38,44,284,
834,834,カジリガメ,,みず,いわ,がんじょうあご,シェルアーマー,すいすい,90,115,90,48,68,74,485,
835,835,ワンパチ,,でんき,,たまひろい,,びびり,59,45,50,40,50,26,270,
836,836,パルスワン,,でんき,,がんじょうあご,,かちき,69,90,60,90,60,121,490,
837,837,タンドン,,いわ,,じょうききかん,たいねつ,もらいび,30,40,50,40,50,30,240,
838,838,トロッゴン,,いわ,ほのお,じょうききかん,ほのおのからだ,もらいび,80,60,90,60,70,50,410,
839,839,セキタンザン,,いわ,ほのお,じょうききかん,ほのおのからだ,もらいび,110,80,120,80,90,30,510,
840,840,カジッチュ,,くさ,ドラゴン,じゅくせい,くいしんぼう,ぼうだん,40,40,80,40,40,20,260,
841,841,アップリュー,,くさ,ドラゴン,じゅくせい,くいしんぼう,はりきり,70,110,80,95,60,70,485,
842,842,タルップル,,くさ,ドラゴン,じゅくせい,くいしんぼう,あついしぼう,110,85,80,100,80,30,485,
843,843,スナヘビ,,じめん,,すなはき,だっぴ,すながくれ,52,57,75,35,50,46,315,
844,844,サダイジャ,,じめん,,すなはき,だっぴ,すながくれ,72,107,125,65,70,71,510,
845,845,ウッウ,,ひこう,みず,うのミサイル,,,70,85,55,85,95,85,475,
846,846,サシカマス,,みず,,すいすい,,スクリューおびれ,41,63,40,40,30,66,280,
847,847,カマスジョー,,みず,,すいすい,,スクリューおびれ,61,123,60,60,50,136,490,
848,848,エレズン,,でんき,どく,びびり,せいでんき,ぶきよう,40,38,35,54,35,40,242,
849h,849,ストリンダー,ハイなすがた,でんき,どく,パンクロック,プラス,テクニシャン,75,98,70,114,70,75,502,
849l,849,ストリンダー,ローなすがた,でんき,どく,パンクロック,マイナス,テクニシャン,75,98,70,114,70,75,502,
850,850,ヤクデ,,ほのお,むし,もらいび,しろいけむり,ほのおのからだ,50,65,45,50,50,45,305,
851,851,マルヤクデ,,ほのお,むし,もらいび,しろいけむり,ほのおのからだ,100,115,65,90,90,65,525,
852,852,タタッコ,,かくとう,,じゅうなん,,テクニシャン,50,68,60,50,50,32,310,
853,853,オトスパス,,かくとう,,じゅうなん,,テクニシャン,80,118,90,70,80,42,480,
854,854,ヤバチャ,,ゴースト,,くだけるよろい,,のろわれボディ,40,45,45,74,54,50,308,
855,855,ポットデス,,ゴースト,,くだけるよろい,,のろわれボディ,60,65,65,134,114,70,508,
856,856,ミブリム,,エスパー,,いやしのこころ,きけんよち,マジックミラー,42,30,45,56,53,39,265,
857,857,テブリム,,エスパー,,いやしのこころ,きけんよち,マジックミラー,57,40,65,86,73,49,370,
858,858,ブリムオン,,エスパー,フェアリー,いやしのこころ,きけんよち,マジックミラー,57,90,95,136,103,29,510,
859,859,ベロバー,,あく,フェアリー,いたずらごころ,おみとおし,わるいてぐせ,45,45,30,55,40,50,265,
860,860,ギモー,,あく,フェアリー,いたずらごころ,おみとおし,わるいてぐせ,65,60,45,75,55,70,370,
861,861,オーロンゲ,,あく,フェアリー,いたずらごころ,おみとおし,わるいてぐせ,95,120,65,95,75,60,510,0010100101110100011010000111000011010010101100101010111001001100
862,862,タチフサグマ,,あく,ノーマル,すてみ,こんじょう,まけんき,93,90,101,60,81,95,520,
863,863,ニャイキング,,はがね,,カブトアーマー,かたいツメ,はがねのせいしん,70,110,100,50,60,50,440,
864,864,サニゴーン,,ゴースト,,くだけるよろい,,ほろびのボディ,60,95,50,145,130,30,510,
865,865,ネギガナイト,,かくとう,,ふくつのこころ,,きもったま,62,135,95,68,82,65,507,
866,866,バリコオル,,こおり,エスパー,ちどりあし,バリアフリー,アイスボディ,80,85,75,110,100,70,520,
867,867,デスバーン,,じめん,ゴースト,さまようたましい,,,58,95,145,50,105,30,483,
868,868,マホミル,,フェアリー,,スイートベール,,アロマベール,45,40,40,50,61,34,270,
869,869,マホイップ,,フェアリー,,スイートベール,,アロマベール,65,60,75,110,121,64,495,
870,870,タイレーツ,,かくとう,,カブトアーマー,,まけんき,65,100,100,70,60,75,470,
871,871,バチンウニ,,でんき,,ひらいしん,,エレキメーカー,48,101,95,91,85,15,435,
872,872,ユキハミ,,こおり,むし,りんぷん,,こおりのりんぷん,30,25,35,45,30,20,185,
873,873,モスノウ,,こおり,むし,りんぷん,,こおりのりんぷん,70,65,60,125,90,65,475,0100100001011011100011011101001011001000010110010011001000101010
874,874,イシヘンジン,,いわ,,パワースポット,,,100,125,135,20,20,70,470,
875,875,コオリッポ,アイスフェイス,こおり,,アイスフェイス,,,75,80,110,65,90,50,470,
875f,875,コオリッポ,ナイスフェイス,こおり,,アイスフェイス,,,75,80,70,65,50,130,470,
876,876,イエッサン,オスのすがた,エスパー,ノーマル,せいしんりょく,シンクロ,サイコメーカー,60,65,55,105,95,95,475,
876f,876,イエッサン,メスのすがた,エスパー,ノーマル,マイペース,シンクロ,サイコメーカー,70,55,65,95,105,85,475,
877,877,モルペコ,,でんき,あく,はらぺこスイッチ,,,58,95,58,70,58,97,436,
878,878,ゾウドウ,,はがね,,ちからずく,,ヘヴィメタル,72,80,49,40,49,40,330,
879,879,ダイオウドウ,,はがね,,ちからずく,,ヘヴィメタル,122,130,69,80,69,30,500,
880,880,パッチラゴン,,でんき,ドラゴン,ちくでん,はりきり,すなかき,90,100,90,80,70,75,505,
881,881,パッチルドン,,でんき,こおり,ちくでん,せいでんき,ゆきかき,90,100,90,90,80,55,505,
882,882,ウオノラゴン,,みず,ドラゴン,ちょすい,がんじょうあご,すなかき,90,90,100,70,80,75,505,
883,883,ウオチルドン,,みず,こおり,ちょすい,アイスボディ,ゆきかき,90,90,100,80,90,55,505,
884,884,ジュラルドン,,はがね,ドラゴン,ライトメタル,ヘヴィメタル,すじがねいり,70,95,115,120,50,85,535,
885,885,ドラメシヤ,,ドラゴン,ゴースト,クリアボディ,すりぬけ,のろわれボディ,28,60,30,40,30,82,270,
886,886,ドロンチ,,ドラゴン,ゴースト,クリアボディ,すりぬけ,のろわれボディ,68,80,50,60,50,102,410,
887,887,ドラパルト,,ドラゴン,ゴースト,クリアボディ,すりぬけ,のろわれボディ,88,120,75,100,75,142,600,1110100111110000011100101010101010101010101100001001000011100100
888,888,ザシアン,れきせんのゆうしゃ,フェアリー,,ふとうのけん,,,92,120,115,80,115,138,660,1000100001000101110100001001100010001010110011000110011001100100
888f,888,ザシアン,けんのおう,フェアリー,はがね,ふとうのけん,,,92,150,115,80,115,148,700,
889,889,ザマゼンタ,れきせんのゆうしゃ,かくとう,,ふくつのたて,,,92,120,115,80,115,138,660,0111000111110000101111001010101011100001101010001001110000001101
889f,889,ザマゼンタ,たてのおう,かくとう,はがね,ふくつのたて,,,92,120,140,80,140,128,700,
890,890,ムゲンダイナ,,どく,ドラゴン,プレッシャー,,,140,85,95,145,95,130,690,
891,891,ダクマ,,かくとう,,せいしんりょく,,,60,90,60,53,50,72,385,
892,892,ウーラオス,いちげきのかた,かくとう,あく,ふかしのこぶし,,,100,130,100,63,60,97,550,0011001001101000110101001110100011101000111100001101010011010100
892r,892,ウーラオス,れんげきのかた,かくとう,みず,ふかしのこぶし,,,100,130,100,63,60,97,550,0011001001101000110101001110100011101000111100001101010011010100
893,893,ザルード,,あく,くさ,リーフガード,,,105,120,105,70,95,105,600,
894,894,レジエレキ,,でんき,,トランジスタ,,,80,100,50,100,50,200,580,
895,895,レジドラゴ,,ドラゴン,,りゅうのあぎと,,,200,100,50,100,50,80,580,
896,896,ブリザポス,,こおり,,しろのいななき,,,100,145,130,65,110,30,580,0000000000000000001100000011000000110000001110000011100000110000
897,897,レイスポス,,ゴースト,,くろのいななき,,,100,65,60,145,80,130,580,
898,898,バドレックス,,エスパー,くさ,きんちょうかん,,,100,80,80,80,80,80,500,
898w,898,バドレックス,はくばじょうのすがた,エスパー,こおり,じんばいったい,,,100,165,150,85,130,50,680,
898b,898,バドレックス,こくばじょうのすがた,エスパー,ゴースト,じんばいったい,,,100,85,80,165,100,150,680,1001100011000000110000001101010011100100010110000101000011010100
899,899,アヤシシ,,ノーマル,エスパー,いかく,おみとおし,そうしょく,103,105,72,105,75,65,525,
900,900,バサギリ,,むし,いわ,むしのしらせ,ちからずく,きれあじ,70,135,95,45,70,85,500,0001100000111000010101001101010010010110100100101001011100000011
901,901,ガチグマ,,じめん,ノーマル,こんじょう,ぼうだん,きんちょうかん,130,140,105,45,80,50,550,0111000011001000110101001100001011100110110011001110001111011000
901f,901,ガチグマ,アカツキ,じめん,ノーマル,しんがん,,,113,70,120,135,65,52,555,0000000000000000001010000110000101100100111100001111010000100101
902,902,イダイトウ,オスのすがた,みず,ゴースト,すいすい,てきおうりょく,かたやぶり,120,112,65,80,75,78,530,
902,902,イダイトウ,メスのすがた,みず,ゴースト,すいすい,てきおうりょく,かたやぶり,120,92,65,100,75,78,530,
903,903,オオニューラ,,かくとう,どく,プレッシャー,かるわざ,どくしゅ,80,130,60,40,80,120,510,
904,904,ハリーマン,,あく,どく,どくのトゲ,すいすい,いかく,85,115,95,65,65,85,510,
905,905,ラブトロス,けしんフォルム,フェアリー,ひこう,メロメロボディ,,あまのじゃく,74,115,70,135,80,106,580,0000000000010000000100000111000011110000001100010111001000010100
905a,905,ラブトロス,れいじゅうフォルム,フェアリー,ひこう,ぼうじん,,,74,115,110,135,100,46,580,
906,906,ニャオハ,,くさ,,しんりょく,,へんげんじざい,40,61,54,45,45,65,310,
907,907,ニャローテ,,くさ,,しんりょく,,へんげんじざい,61,80,63,60,63,83,410,
908,908,マスカーニャ,,くさ,あく,しんりょく,,へんげんじざい,76,110,70,81,70,123,530,0000000000011000000100000001001001101100001101010001000000010100
909,909,ホゲータ,,ほのお,,もうか,,てんねん,67,45,59,63,40,36,310,
910,910,アチゲータ,,ほのお,,もうか,,てんねん,81,55,78,90,58,49,411,
911,911,ラウドボーン,,ほのお,ゴースト,もうか,,てんねん,104,75,100,110,75,66,530,1101000011101000101010101100101111001111100010011000110010011010
912,912,クワッス,,みず,,げきりゅう,,じしんかじょう,55,65,45,50,45,50,310,
913,913,ウェルカモ,,みず,,げきりゅう,,じしんかじょう,70,85,65,65,60,65,410,
914,914,ウェーニバル,,みず,かくとう,げきりゅう,,じしんかじょう,85,120,80,85,75,85,530,0000000000010000001100100011100001110000001100000011000000111010
915,915,グルトン,,ノーマル,,アロマベール,くいしんぼう,あついしぼう,54,45,40,35,45,35,254,
916,916,パフュートン,オスのすがた,ノーマル,,とれないにおい,くいしんぼう,あついしぼう,110,100,75,59,80,65,489,
916f,916,パフュートン,メスのすがた,ノーマル,,アロマベール,くいしんぼう,あついしぼう,115,90,70,59,90,65,489,
917,917,タマンチュラ,,むし,,ふみん,,はりこみ,35,41,45,29,40,20,210,
918,918,ワナイダー,,むし,,ふみん,,はりこみ,60,79,92,52,86,35,404,
919,919,マメバッタ,,むし,,むしのしらせ,,いろめがね,33,46,40,21,25,45,210,
920,920,エクスレッグ,,むし,あく,むしのしらせ,,いろめがね,71,102,78,52,55,92,450,1101001011000010111001101101101010011100101110001100100011001000
921,921,パモ,,でんき,,せいでんき,しぜんかいふく,てつのこぶし,45,50,20,40,25,60,240,
922,922,パモット,,でんき,かくとう,ちくでん,しぜんかいふく,てつのこぶし,60,75,40,50,40,85,350,
923,923,パーモット,,でんき,かくとう,ちくでん,しぜんかいふく,てつのこぶし,70,115,70,70,60,105,490,
924,924,ワッカネズミ,,ノーマル,,にげあし,ものひろい,マイペース,50,50,45,40,45,75,305,
925,925,イッカネズミ,3びきかぞく,ノーマル,,フレンドガード,ほおぶくろ,テクニシャン,74,75,70,65,75,111,470,
925f,925,イッカネズミ,4ひきかぞく,ノーマル,,フレンドガード,ほおぶくろ,テクニシャン,74,75,70,65,75,111,470,
926,926,パピモッチ,,フェアリー,,マイペース,,ぶきよう,37,55,70,30,55,65,312,
927,927,バウッツェル,,フェアリー,,こんがりボディ,,アロマベール,57,80,115,50,80,95,477,
928,928,ミニーブ,,くさ,ノーマル,はやおき,,しゅうかく,41,35,45,58,51,30,260,
929,929,オリーニョ,,くさ,ノーマル,はやおき,,しゅうかく,52,53,60,78,78,33,354,
930,930,オリーヴァ,,くさ,ノーマル,こぼれダネ,,しゅうかく,78,69,90,125,109,39,510,
931,931,イキリンコ,グリーンフェザー,ノーマル,ひこう,いかく,はりきり,こんじょう,82,96,51,45,51,92,417,
931b,931,イキリンコ,ブルーフェザー,ノーマル,ひこう,いかく,はりきり,こんじょう,82,96,51,45,51,92,417,
931y,931,イキリンコ,イエローフェザー,ノーマル,ひこう,いかく,はりきり,ちからずく,82,96,51,45,51,92,417,
931w,931,イキリンコ,ホワイトフェザー,ノーマル,ひこう,いかく,はりきり,ちからずく,82,96,51,45,51,92,417,
932,932,コジオ,,いわ,,きよめのしお,がんじょう,クリアボディ,55,55,75,35,35,25,280,
933,933,ジオヅム,,いわ,,きよめのしお,がんじょう,クリアボディ,60,60,100,35,65,35,355,
934,934,キョジオーン,,いわ,,きよめのしお,がんじょう,クリアボディ,100,100,130,45,90,35,500,0011100011011010101100101011001111101000011101001001010101010101
935,935,カルボウ,,ほのお,,もらいび,,ほのおのからだ,40,50,40,50,40,35,255,
936,936,グレンアルマ,,ほのお,エスパー,もらいび,,くだけるよろい,85,60,100,125,80,75,525,
937,937,ソウブレイズ,,ほのお,ゴースト,もらいび,,くだけるよろい,75,125,80,60,100,85,525,0010000011100010011000101110100111000101110100001101101001011011
938,938,ズピカ,,でんき,,マイペース,せいでんき,しめりけ,61,31,41,59,35,45,272,
939,939,ハラバリー,,でんき,,でんきにかえる,せいでんき,しめりけ,109,64,91,103,83,45,495,1111100011001000111000101011000010011000100110011100100011111100
940,940,カイデン,,でんき,ひこう,ふうりょくでんき,ちくでん,かちき,40,40,35,55,40,70,280,
941,941,タイカイデン,,でんき,ひこう,ふうりょくでんき,ちくでん,かちき,70,70,60,105,60,125,490,
942,942,オラチフ,,あく,,いかく,にげあし,はりこみ,60,78,60,40,51,51,340,
943,943,マフィティフ,,あく,,いかく,ばんけん,はりこみ,80,120,90,60,70,85,505,
944,944,シルシュルー,,どく,ノーマル,かるわざ,わるいてぐせ,いたずらごころ,40,65,35,40,35,75,290,
945,945,タギングル,,どく,ノーマル,かるわざ,どくしゅ,いたずらごころ,63,95,65,80,72,110,485,
946,946,アノクサ,,くさ,ゴースト,かぜのり,,すりぬけ,40,65,30,45,35,60,275,
947,947,アノホラグサ,,くさ,ゴースト,かぜのり,,すりぬけ,55,115,70,80,70,90,480,
948,948,ノノクラゲ,,じめん,くさ,きんしのちから,,,40,40,35,50,100,70,335,
949,949,リククラゲ,,じめん,くさ,きんしのちから,,,80,70,65,80,120,100,515,
950,950,ガケガニ,,いわ,,いかりのこうら,シェルアーマー,さいせいりょく,70,100,115,35,55,75,450,
951,951,カプサイジ,,くさ,,ようりょくそ,ふみん,ぶきよう,50,62,40,62,40,50,304,
952,952,スコヴィラン,,くさ,ほのお,ようりょくそ,ふみん,ムラっけ,65,108,65,108,65,75,486,
953,953,シガロコ,,むし,,ふくがん,,だっぴ,41,50,60,31,58,30,270,
954,954,ベラカス,,むし,エスパー,シンクロ,,テレパシー,75,50,85,115,100,45,470,
955,955,ヒラヒナ,,エスパー,,きけんよち,おみとおし,かそく,30,35,30,55,30,75,255,
956,956,クエスパトラ,,エスパー,,びのう,おっみとおし,かそく,95,60,60,101,60,105,481,
957,957,カヌチャン,,フェアリー,はがね,かたやぶり,マイペース,わるいてぐせ,50,45,45,35,64,58,297,
958,958,ナカヌチャン,,フェアリー,はがね,かたやぶり,マイペース,わるいてぐせ,65,55,55,45,82,78,380,
959,959,デカヌチャン,,フェアリー,はがね,かたやぶり,マイペース,わるいてぐせ,85,75,77,70,105,94,506,0101100011100000111100101111011110110110110111101000010001000000
960,960,ウミディグダ,,みず,,ぬめぬめ,びびり,すながくれ,10,55,25,35,25,95,245,
961,961,ウミトリオ,,みず,,ぬめぬめ,びびり,すながくれ,35,100,50,50,70,120,425,
962,962,オトシドリ,,ひこう,あく,はとむね,するどいめ,いわはこび,70,103,85,60,85,82,485,
963,963,ナミイルカ,,みず,,みずのベール,,,70,45,40,45,40,75,315,
964,964,イルカマン,ナイーブフォルム,みず,,マイティチェンジ,,,100,70,72,53,62,100,457,
964f,964,イルカマン,マイティフォルム,みず,,マイティチェンジ,,,100,160,97,106,87,100,650,
965,965,ブロロン,,はがね,どく,ぼうじん,,スロースタート,45,70,63,30,45,47,300,
966,966,ブロロローム,,はがね,どく,ぼうじん,,フィルター,80,119,90,54,67,90,500,0000000000000000000000000110001001110000011010000111100001111000
967,967,モトトカゲ,,ドラゴン,ノーマル,だっぴ,,さいせいりょく,70,95,65,85,65,121,501,1110000010100000110000001100100111100110011011001110110011001100
968,968,ミミズズ,,はがね,,どしょく,,すながくれ,70,85,145,60,55,65,480,
969,969,キラーメ,,いわ,どく,どくげしょう,,ふしょく,48,35,42,105,60,60,350,
970,970,キラフロル,,いわ,どく,どくげしょう,,ふしょく,83,55,90,130,81,86,525,0111000111110100110010001110001001100010111001101110000001110001
971,971,ボチ,,ゴースト,,ものひろい,,もふもふ,50,61,60,30,55,34,290,
972,972,ハカドッグ,,ゴースト,,すなかき,,もふもふ,72,101,100,50,97,68,488,
973,973,カラミンゴ,,ひこう,かくとう,きもったま,ちどりあし,きょうえん,82,115,74,75,64,90,500,
974,974,アルクジラ,,こおり,,あついしぼう,ゆきがくれ,ちからずく,108,68,45,30,40,43,334,
975,975,ハルクジラ,,こおり,,あついしぼう,ゆきかき,ちから,170,113,65,45,55,73,521,0101000101110010110101001101010010001010110111001110000111001101
976,976,ミガルーサ,,みず,エスパー,かたやぶり,,きれあじ,90,102,73,78,65,70,478,
977,977,ヘイラッシャ,,みず,,てんねん,どんかん,みずのベール,150,100,115,65,65,35,530,1101001011101100101111001001110010110000110010011101000011001000
978,978,シャリタツ,そったすがた,ドラゴン,みず,しれいとう,,よびみず,68,50,60,120,95,82,475,
973t,978,シャリタツ,たれたすがた,ドラゴン,みず,しれいとう,,よびみず,68,50,60,120,95,82,475,
973n,978,シャリタツ,のびたすがた,ドラゴン,みず,しれいとう,,よびみず,68,50,60,120,95,82,475,
979,979,コノヨザル,,かくとう,ゴースト,やるき,せいしんりょく,まけんき,110,115,80,50,90,90,535,1101001111001110101100101100100011110100101000100110101011001100
980,980,ドオー,,どく,じめん,どくのトゲ,ちょすい,てんねん,130,75,60,45,100,20,430,0000000000000000000000000000000000110100011100000111110001111001
981,981,リキキリン,,ノーマル,エスパー,はんすう,テイルアーマー,そうしょく,120,90,70,110,70,60,520,
982,982,ノココッチ,ふたふしフォルム,ノーマル,,てんのめぐみ,にげあし,びびり,125,100,80,85,75,55,520,
982f,982,ノココッチ,みつふしホルム,ノーマル,,てんのめぐみ,にげあし,びびり,125,100,80,85,75,55,520,
983,983,ドドゲザン,,あく,はがね,まけんき,そうだいしょう,プレッシャー,100,135,120,60,85,50,550,0110000001101000011001011011001011111100111100101110010011111000
984,984,イダイナキバ,,じめん,かくとう,こだいかっせい,,,115,131,131,53,53,87,570,0011000010101000111011001111011001100010011001101110000001101000
985,985,サケブシッポ,,フェアリー,エスパー,こだいかっせい,,,115,65,99,65,115,111,570,1111000010011100101110100011100010101100000111101001011010110000
986,986,アラブルタケ,,くさ,あく,こだいかっせい,,,111,127,99,79,99,55,570,
987,987,ハバタクカミ,,ゴースト,フェアリー,こだいかっせい,,,55,55,55,135,135,135,570,0110110001101001110011001011100010100000111000001110000011000000
988,988,チヲハウハネ,,むし,かくとう,こだいかっせい,,,85,135,79,85,105,81,570,0100000011000000110101101101010010101001100011001000110010010100
989,989,スナノケガワ,,でんき,じめん,こだいかっせい,,,85,81,97,121,85,101,570,0011000010111100101011101101101011101010011011101110011011000110
990,990,テツノワダチ,,じめん,はがね,こだいかっせい,,,90,112,120,72,70,106,570,0111000011010000111011001000100011001000110110001101100011001000
991,991,テツノツツミ,,こおり,みず,クォークチャージ,,,56,80,114,124,60,136,570,1101110011000100011100001101000010011100011010101111000011001100
992,992,テツノカイナ,,かくとう,でんき,クォークチャージ,,,154,140,108,50,68,50,570,
993,993,テツノコウベ,,あく,ひこう,クォークチャージ,,,94,80,86,122,80,108,570,
994,994,テツノドクガ,,ほのお,どく,クォークチャージ,,,80,70,60,140,110,110,570,
995,995,テツノイバラ,,いわ,でんき,クォークチャージ,,,100,134,110,70,84,72,570,
996,996,セビエ,,ドラゴン,こおり,ねつこうかん,,アイスボディ,65,75,45,35,45,55,320,
997,997,セゴール,,ドラゴン,こおり,ねつこうかん,,アイスボディ,90,95,66,45,65,62,423,
998,998,セグレイブ,,ドラゴン,こおり,ねつこうかん,,アイスボディ,115,145,92,75,86,87,600,0110010001110001011110011101100101011100110110001100100011001100
999,999,コレクレー,はこフォルム,ゴースト,,びびり,,,45,30,70,75,70,10,300,
999f,999,コレクレー,とほフォルム,ゴースト,,にげあし,,,45,30,25,75,45,80,300,
1000,1000,サーフゴー,,はがね,ゴースト,おうごんのからだ,,,87,60,95,133,91,84,550,0011000011110000111000000011000011100110100011011101000001101000
1001,1001,チオンジェン,,あく,くさ,わざわいのおふだ,,,85,85,100,95,135,70,570,0110000000100100100011001101010010011100110011001000111011000000
1002,1002,パオジアン,,あく,こおり,わざわいのつるぎ,,,80,120,80,90,65,135,570,1000000000000000100010101011001010010111100010001000100011001100
1003,1003,ディンルー,,あく,じめん,わざわいのうつわ,,,155,110,125,55,80,45,570,0000001000000010101011001101100011100000011100010001111100010010
1004,1004,イーユイ,,あく,ほのお,わざわいのたま,,,55,80,80,135,120,100,570,0001110101110100011110101101101000100100011010101000101010111001
1005,1005,トドロクツキ,,ドラゴン,あく,こだいかっせい,,,105,139,71,55,101,119,590,1001100010011000000011001001110011011110111011001111010000010000
1006,1006,テツノブジン,,フェアリー,かくとう,クォークチャージ,,,74,130,90,120,60,116,590,0000000000000000000101000001001000110010001100100011000000110000
1007,1007,コライドン,,かくとう,ドラゴン,ひひいろのこどう,,,100,135,115,85,100,135,670,1001100010101000110100001101000011010000101100001010001010011000
1008,1008,ミライドン,,でんき,ドラゴン,ハドロンエンジン,,,100,85,100,135,115,135,670,
1009,1009,ウネルミナモ,,みず,ドラゴン,こだいかっせい,,,99,83,91,125,83,109,590,1100000011100000100000001101100010111000110000001110100011001100
1010,1010,テツノイサハ,,くさ,エスパー,クォークチャージ,,,90,130,88,70,108,104,590,
1011,1011,カミッチュ,,くさ,ドラゴン,かんろなミツ,くいしんぼう,ねんちゃく,80,80,110,95,80,40,485,
1012,1012,チャデス,,くさ,ゴースト,おもてなし,,たいねつ,40,45,45,74,54,50,308,
1013,1013,ヤバソチャ,,くさ,ゴースト,おもてなし,,たいねつ,71,60,106,121,80,70,508,
1014,1014,イイネイヌ,,どく,かくとう,どくのくさり,,ばんけん,88,128,115,58,86,80,555,
1015,1015,マシマシラ,,どく,エスパー,どくのくさり,,おみとおし,88,75,66,130,90,106,555,0000000000000000000100000011101000010000001110100011000000111000
1016,1016,キチキギス,,どく,フェアリー,どくのくさり,,テクニシャン,88,91,82,70,125,99,555,
1017,1017,オーガポン,みどりのめん,くさ,,まけんき,,,80,120,84,60,96,110,550,1011000011001010110110001010110110010110111100000111001001011010
1017w,1017,オーガポン,いどのめん,くさ,みず,ちょすい,,,80,120,84,60,96,110,550,1111000000101000101100001111000111100110111100001111000011110001
1017h,1017,オーガポン,かまどのめん,くさ,ほのお,かたやぶり,,,80,120,84,60,96,110,550,1110000011101000101100001101110111010110111100000110000001111000
1017c,1017,オーガポン,いしずえのめん,くさ,いわ,がんじょう,,,80,120,84,60,96,110,550,
1018,1018,ブリジュラス,,はがね,ドラゴン,じきゅうりょく,がんじょう,すじがねいり,80,120,84,60,96,110,550,0110100001100011011100101101010011000100110010001111000011001000
1019,1019,カミツオロチ,,くさ,ドラゴン,かんろなミツ,さいせいりょく,ねんちゃく,90,105,130,125,65,85,600,
1020,1020,ウガツホムラ,,ほのお,ドラゴン,こだいかっせい,,,106,80,110,120,80,44,540,1111000011110000111100001111011011101001111100101110010010001100
1021,1021,タケルライコ,,でんき,ドラゴン,こだいかっせい,,,105,115,121,65,93,91,590,0011000011100000011100000011000000111000011011101110101011001100
1022,1022,テツノイワオ,,いわ,エスパー,クォークチャージ,,,125,73,91,137,89,75,590,
1023,1023,テツノカシラ,,はがね,エスパー,クォークチャージ,,,90,120,80,68,108,124,590,1111000011110010111001011101010010000100101110101001001100010010
1024,1024,テラパゴス,,ノーマル,,テラスチェンジ,,,90,72,100,122,108,98,590,1110000011000000110000101100001011100100110010101100010000011110
1024t,1024,テラパゴス,テラスタルフォルム,ノーマル,,テラスシェル,,,90,65,85,65,85,60,450,
1024s,1024,テラパゴス,ステラフォルム,ノーマル,,ゼロフォーミング,,,95,95,110,105,110,85,600,
1025,1025,モモワロウ,,どく,ゴースト,,,,160,105,110,130,110,85,700,
